Sensor,Timestamp,Timestamp (Local),PM 1.0,PM 2.5,Applied PM 2.5 Custom Calibration Setting - Multiplication Factor,Applied PM 2.5 Custom Calibration Setting - Offset,PM 4.0,PM 10,Applied PM 10 Custom Calibration Setting - Multiplication Factor,Applied PM 10 Custom Calibration Setting - Offset,NC 0.5,NC 1.0,NC 2.5,NC 4.0,NC 10,PM Sensor Error Status,CO2,Applied CO2 Custom Calibration Setting - Multiplication Factor,Applied CO2 Custom Calibration Setting - Offset,CO2 Sensor Error Status,CH2O,Applied CH2O Custom Calibration Setting - Multiplication Factor,Applied CH2O Custom Calibration Setting - Offset,CH2O Sensor Error Status,Barometric Pressure,Applied Barometric Pressure Custom Calibration Setting - Offset,Barometric Sensor Error Status,CO,Applied CO Custom Calibration Setting - Multiplication Factor,Applied CO Custom Calibration Setting - Offset,CO Sensor Error Status,SO2,Applied SO2 Custom Calibration Setting - Multiplication Factor,Applied SO2 Custom Calibration Setting - Offset,SO2 Sensor Error Status,O3,Applied O3 Custom Calibration Setting - Multiplication Factor,Applied O3 Custom Calibration Setting - Offset,O3 Sensor Error Status,NO2,Applied NO2 Custom Calibration Setting - Multiplication Factor,Applied NO2 Custom Calibration Setting - Offset,NO2 Sensor Error Status,VOC tVOC measurement,Applied TVOC Custom Calibration Setting - Multiplication Factor,Applied TVOC Custom Calibration Setting - Offset,VOC Ethanol,VOC Sensor Error Status,Temperature,Applied Temperature Custom Calibration Setting - Offset,Relative Humidity,Applied Relative Humidity Custom Calibration Setting - Offset,Temperature/Humidity Sensor Error Status,Device Status,Typical Particle Size
,UTC,UTC-05:00,ug/m3,ug/m3,,,ug/m3,ug/m3,,,#/cm3,#/cm3,#/cm3,#/cm3,#/cm3,,ppm,,,,ppb,,,,inHg,,,ppm,,,,ppb,,,,ppb,,,,ppb,,,,mg/m3,,,ppb,,Celsius,Celsius,%,,,,
B27,2024-06-12 18:57:22,,14.0,15.0,,,15.0,16.0,,,132.0,154.0,155.0,155.0,155.0,,,,,,,,,,,,,,,,,,,,,,,,,,,,,,,,,,30.4,,48.0,,,,
B27,2024-06-12 19:12:22,,13.0,14.0,,,14.0,14.0,,,119.0,138.0,138.0,138.0,138.0,,,,,,,,,,,,,,,,,,,,,,,,,,,,,,,,,,32.0,,43.0,,,,
B27,2024-06-12 19:27:22,,12.0,13.0,,,13.0,13.0,,,116.0,134.0,135.0,135.0,135.0,,,,,,,,,,,,,,,,,,,,,,,,,,,,,,,,,,32.1,,43.0,,,,
B27,2024-06-12 19:42:22,,12.0,13.0,,,13.0,13.0,,,113.0,132.0,132.0,132.0,132.0,,,,,,,,,,,,,,,,,,,,,,,,,,,,,,,,,,31.8,,43.0,,,,
B27,2024-06-12 19:57:22,,11.0,12.0,,,12.0,12.0,,,105.0,122.0,123.0,123.0,123.0,,,,,,,,,,,,,,,,,,,,,,,,,,,,,,,,,,31.6,,43.0,,,,
B27,2024-06-12 20:12:22,,11.0,12.0,,,12.0,12.0,,,105.0,122.0,123.0,123.0,123.0,,,,,,,,,,,,,,,,,,,,,,,,,,,,,,,,,,31.1,,43.0,,,,
B27,2024-06-12 20:27:22,,11.0,11.0,,,11.0,11.0,,,99.0,115.0,115.0,115.0,115.0,,,,,,,,,,,,,,,,,,,,,,,,,,,,,,,,,,30.7,,44.0,,,,
B27,2024-06-12 20:42:22,,10.0,10.0,,,10.0,10.0,,,92.0,107.0,107.0,107.0,107.0,,,,,,,,,,,,,,,,,,,,,,,,,,,,,,,,,,30.7,,43.0,,,,
B27,2024-06-12 20:57:22,,9.0,9.0,,,9.0,9.0,,,83.0,96.0,97.0,97.0,97.0,,,,,,,,,,,,,,,,,,,,,,,,,,,,,,,,,,30.7,,43.0,,,,
B27,2024-06-12 21:12:22,,7.0,7.0,,,7.0,7.0,,,64.0,74.0,74.0,74.0,74.0,,,,,,,,,,,,,,,,,,,,,,,,,,,,,,,,,,31.0,,42.0,,,,
B27,2024-06-12 21:27:22,,7.0,7.0,,,7.0,7.0,,,65.0,75.0,75.0,75.0,75.0,,,,,,,,,,,,,,,,,,,,,,,,,,,,,,,,,,31.1,,42.0,,,,
B27,2024-06-12 21:42:22,,7.0,7.0,,,7.0,7.0,,,62.0,72.0,73.0,73.0,73.0,,,,,,,,,,,,,,,,,,,,,,,,,,,,,,,,,,31.3,,42.0,,,,
B27,2024-06-12 21:57:22,,7.0,7.0,,,7.0,7.0,,,65.0,76.0,76.0,76.0,76.0,,,,,,,,,,,,,,,,,,,,,,,,,,,,,,,,,,31.6,,42.0,,,,
B27,2024-06-12 22:12:22,,6.0,7.0,,,7.0,7.0,,,58.0,67.0,68.0,68.0,68.0,,,,,,,,,,,,,,,,,,,,,,,,,,,,,,,,,,31.5,,43.0,,,,
B27,2024-06-12 22:27:22,,5.0,6.0,,,6.0,6.0,,,50.0,59.0,59.0,59.0,59.0,,,,,,,,,,,,,,,,,,,,,,,,,,,,,,,,,,31.4,,43.0,,,,
B27,2024-06-12 22:42:22,,5.0,6.0,,,6.0,6.0,,,51.0,59.0,59.0,59.0,59.0,,,,,,,,,,,,,,,,,,,,,,,,,,,,,,,,,,31.1,,44.0,,,,
B27,2024-06-12 22:57:22,,5.0,5.0,,,5.0,5.0,,,47.0,55.0,55.0,55.0,55.0,,,,,,,,,,,,,,,,,,,,,,,,,,,,,,,,,,30.8,,44.0,,,,
B27,2024-06-12 23:12:22,,5.0,5.0,,,5.0,5.0,,,44.0,51.0,51.0,51.0,51.0,,,,,,,,,,,,,,,,,,,,,,,,,,,,,,,,,,30.6,,44.0,,,,
B27,2024-06-12 23:27:22,,4.0,5.0,,,5.0,5.0,,,41.0,48.0,48.0,48.0,48.0,,,,,,,,,,,,,,,,,,,,,,,,,,,,,,,,,,30.4,,44.0,,,,
B27,2024-06-12 23:42:22,,4.0,4.0,,,4.0,4.0,,,40.0,46.0,47.0,47.0,47.0,,,,,,,,,,,,,,,,,,,,,,,,,,,,,,,,,,30.0,,45.0,,,,
B27,2024-06-12 23:57:22,,4.0,4.0,,,4.0,4.0,,,40.0,46.0,46.0,46.0,46.0,,,,,,,,,,,,,,,,,,,,,,,,,,,,,,,,,,29.6,,45.0,,,,
B27,2024-06-13 00:12:22,,4.0,4.0,,,4.0,4.0,,,38.0,44.0,44.0,44.0,44.0,,,,,,,,,,,,,,,,,,,,,,,,,,,,,,,,,,29.2,,46.0,,,,
B27,2024-06-13 00:27:22,,4.0,4.0,,,4.0,4.0,,,36.0,42.0,42.0,42.0,42.0,,,,,,,,,,,,,,,,,,,,,,,,,,,,,,,,,,28.8,,47.0,,,,
B27,2024-06-13 00:42:22,,4.0,4.0,,,4.0,4.0,,,34.0,39.0,40.0,40.0,40.0,,,,,,,,,,,,,,,,,,,,,,,,,,,,,,,,,,28.4,,47.0,,,,
B27,2024-06-13 00:57:22,,4.0,4.0,,,4.0,4.0,,,35.0,41.0,41.0,41.0,41.0,,,,,,,,,,,,,,,,,,,,,,,,,,,,,,,,,,28.0,,48.0,,,,
B27,2024-06-13 01:12:22,,4.0,4.0,,,4.0,4.0,,,36.0,42.0,42.0,42.0,42.0,,,,,,,,,,,,,,,,,,,,,,,,,,,,,,,,,,27.4,,49.0,,,,
B27,2024-06-13 01:27:22,,4.0,4.0,,,4.0,4.0,,,35.0,41.0,41.0,41.0,41.0,,,,,,,,,,,,,,,,,,,,,,,,,,,,,,,,,,26.9,,51.0,,,,
B27,2024-06-13 01:42:22,,3.0,4.0,,,4.0,4.0,,,34.0,39.0,39.0,39.0,39.0,,,,,,,,,,,,,,,,,,,,,,,,,,,,,,,,,,26.3,,52.0,,,,
B27,2024-06-13 01:57:22,,4.0,4.0,,,4.0,4.0,,,38.0,44.0,45.0,45.0,45.0,,,,,,,,,,,,,,,,,,,,,,,,,,,,,,,,,,25.8,,53.0,,,,
B27,2024-06-13 02:12:22,,5.0,5.0,,,5.0,5.0,,,46.0,53.0,53.0,53.0,53.0,,,,,,,,,,,,,,,,,,,,,,,,,,,,,,,,,,25.2,,55.0,,,,
B27,2024-06-13 02:27:22,,5.0,5.0,,,5.0,5.0,,,47.0,54.0,54.0,54.0,54.0,,,,,,,,,,,,,,,,,,,,,,,,,,,,,,,,,,24.4,,57.0,,,,
B27,2024-06-13 02:42:22,,5.0,5.0,,,5.0,5.0,,,47.0,55.0,55.0,55.0,55.0,,,,,,,,,,,,,,,,,,,,,,,,,,,,,,,,,,23.7,,58.0,,,,
B27,2024-06-13 02:57:22,,5.0,5.0,,,5.0,5.0,,,48.0,55.0,56.0,56.0,56.0,,,,,,,,,,,,,,,,,,,,,,,,,,,,,,,,,,23.1,,60.0,,,,
B27,2024-06-13 03:12:22,,5.0,5.0,,,5.0,5.0,,,49.0,57.0,58.0,58.0,58.0,,,,,,,,,,,,,,,,,,,,,,,,,,,,,,,,,,22.5,,61.0,,,,
B27,2024-06-13 03:27:22,,5.0,5.0,,,5.0,5.0,,,50.0,58.0,58.0,58.0,58.0,,,,,,,,,,,,,,,,,,,,,,,,,,,,,,,,,,21.9,,63.0,,,,
B27,2024-06-13 03:42:22,,5.0,6.0,,,6.0,6.0,,,53.0,62.0,62.0,62.0,62.0,,,,,,,,,,,,,,,,,,,,,,,,,,,,,,,,,,21.3,,64.0,,,,
B27,2024-06-13 03:57:22,,6.0,6.0,,,6.0,6.0,,,57.0,66.0,66.0,66.0,66.0,,,,,,,,,,,,,,,,,,,,,,,,,,,,,,,,,,20.8,,66.0,,,,
B27,2024-06-13 04:12:22,,7.0,7.0,,,7.0,7.0,,,68.0,79.0,79.0,79.0,79.0,,,,,,,,,,,,,,,,,,,,,,,,,,,,,,,,,,20.4,,67.0,,,,
B27,2024-06-13 04:27:22,,6.0,6.0,,,6.0,7.0,,,62.0,72.0,72.0,72.0,72.0,,,,,,,,,,,,,,,,,,,,,,,,,,,,,,,,,,20.1,,68.0,,,,
B27,2024-06-13 04:42:22,,6.0,6.0,,,6.0,6.0,,,61.0,71.0,71.0,71.0,71.0,,,,,,,,,,,,,,,,,,,,,,,,,,,,,,,,,,19.8,,69.0,,,,
B27,2024-06-13 04:57:22,,6.0,6.0,,,6.0,6.0,,,61.0,71.0,71.0,71.0,71.0,,,,,,,,,,,,,,,,,,,,,,,,,,,,,,,,,,19.6,,69.0,,,,
B27,2024-06-13 05:12:22,,6.0,6.0,,,6.0,6.0,,,62.0,72.0,72.0,72.0,72.0,,,,,,,,,,,,,,,,,,,,,,,,,,,,,,,,,,19.4,,70.0,,,,
B27,2024-06-13 05:27:22,,6.0,7.0,,,7.0,7.0,,,65.0,76.0,76.0,76.0,76.0,,,,,,,,,,,,,,,,,,,,,,,,,,,,,,,,,,19.3,,70.0,,,,
B27,2024-06-13 05:42:22,,7.0,7.0,,,7.0,7.0,,,71.0,83.0,83.0,83.0,83.0,,,,,,,,,,,,,,,,,,,,,,,,,,,,,,,,,,19.2,,70.0,,,,
B27,2024-06-13 05:57:22,,8.0,8.0,,,8.0,8.0,,,79.0,91.0,92.0,92.0,92.0,,,,,,,,,,,,,,,,,,,,,,,,,,,,,,,,,,19.2,,71.0,,,,
B27,2024-06-13 06:12:22,,8.0,8.0,,,8.0,8.0,,,80.0,93.0,94.0,94.0,94.0,,,,,,,,,,,,,,,,,,,,,,,,,,,,,,,,,,19.4,,70.0,,,,
B27,2024-06-13 06:27:22,,8.0,9.0,,,9.0,9.0,,,86.0,100.0,100.0,100.0,100.0,,,,,,,,,,,,,,,,,,,,,,,,,,,,,,,,,,19.5,,70.0,,,,
B27,2024-06-13 06:42:22,,9.0,10.0,,,10.0,10.0,,,92.0,107.0,108.0,108.0,108.0,,,,,,,,,,,,,,,,,,,,,,,,,,,,,,,,,,19.6,,70.0,,,,
B27,2024-06-13 06:57:22,,10.0,10.0,,,10.0,10.0,,,98.0,114.0,115.0,115.0,115.0,,,,,,,,,,,,,,,,,,,,,,,,,,,,,,,,,,19.7,,69.0,,,,
B27,2024-06-13 07:12:22,,10.0,11.0,,,11.0,11.0,,,105.0,122.0,122.0,123.0,123.0,,,,,,,,,,,,,,,,,,,,,,,,,,,,,,,,,,19.6,,70.0,,,,
B27,2024-06-13 07:27:22,,11.0,11.0,,,11.0,11.0,,,110.0,127.0,128.0,128.0,128.0,,,,,,,,,,,,,,,,,,,,,,,,,,,,,,,,,,19.6,,70.0,,,,
B27,2024-06-13 07:42:22,,11.0,12.0,,,12.0,12.0,,,113.0,131.0,132.0,132.0,132.0,,,,,,,,,,,,,,,,,,,,,,,,,,,,,,,,,,19.5,,70.0,,,,
B27,2024-06-13 07:57:22,,11.0,12.0,,,12.0,12.0,,,116.0,135.0,135.0,135.0,135.0,,,,,,,,,,,,,,,,,,,,,,,,,,,,,,,,,,19.5,,70.0,,,,
B27,2024-06-13 08:12:22,,12.0,12.0,,,13.0,13.0,,,120.0,139.0,140.0,140.0,140.0,,,,,,,,,,,,,,,,,,,,,,,,,,,,,,,,,,19.5,,70.0,,,,
B27,2024-06-13 08:27:22,,12.0,13.0,,,13.0,13.0,,,127.0,147.0,148.0,148.0,148.0,,,,,,,,,,,,,,,,,,,,,,,,,,,,,,,,,,19.4,,70.0,,,,
B27,2024-06-13 08:42:22,,13.0,14.0,,,15.0,15.0,,,134.0,156.0,157.0,158.0,158.0,,,,,,,,,,,,,,,,,,,,,,,,,,,,,,,,,,19.5,,71.0,,,,
B27,2024-06-13 08:57:22,,14.0,15.0,,,15.0,15.0,,,140.0,164.0,165.0,165.0,165.0,,,,,,,,,,,,,,,,,,,,,,,,,,,,,,,,,,19.6,,70.0,,,,
B27,2024-06-13 09:12:22,,14.0,16.0,,,16.0,16.0,,,147.0,171.0,172.0,173.0,173.0,,,,,,,,,,,,,,,,,,,,,,,,,,,,,,,,,,19.6,,70.0,,,,
B27,2024-06-13 09:27:22,,16.0,17.0,,,17.0,18.0,,,161.0,188.0,189.0,190.0,190.0,,,,,,,,,,,,,,,,,,,,,,,,,,,,,,,,,,19.5,,70.0,,,,
B27,2024-06-13 09:42:22,,17.0,18.0,,,18.0,19.0,,,169.0,197.0,199.0,199.0,199.0,,,,,,,,,,,,,,,,,,,,,,,,,,,,,,,,,,19.4,,71.0,,,,
B27,2024-06-13 09:57:22,,17.0,19.0,,,19.0,19.0,,,174.0,203.0,205.0,205.0,205.0,,,,,,,,,,,,,,,,,,,,,,,,,,,,,,,,,,19.3,,71.0,,,,
B27,2024-06-13 10:12:22,,17.0,19.0,,,19.0,19.0,,,176.0,206.0,207.0,207.0,208.0,,,,,,,,,,,,,,,,,,,,,,,,,,,,,,,,,,19.4,,71.0,,,,
B27,2024-06-13 10:27:22,,17.0,19.0,,,19.0,20.0,,,177.0,207.0,208.0,209.0,209.0,,,,,,,,,,,,,,,,,,,,,,,,,,,,,,,,,,19.5,,71.0,,,,
B27,2024-06-13 10:42:22,,17.0,19.0,,,19.0,19.0,,,175.0,205.0,206.0,206.0,206.0,,,,,,,,,,,,,,,,,,,,,,,,,,,,,,,,,,19.5,,71.0,,,,
B27,2024-06-13 10:57:22,,17.0,19.0,,,19.0,20.0,,,178.0,208.0,210.0,210.0,210.0,,,,,,,,,,,,,,,,,,,,,,,,,,,,,,,,,,19.4,,71.0,,,,
B27,2024-06-13 11:12:22,,18.0,19.0,,,20.0,20.0,,,180.0,210.0,211.0,212.0,212.0,,,,,,,,,,,,,,,,,,,,,,,,,,,,,,,,,,19.3,,71.0,,,,
B27,2024-06-13 11:27:22,,18.0,19.0,,,20.0,20.0,,,182.0,213.0,214.0,214.0,214.0,,,,,,,,,,,,,,,,,,,,,,,,,,,,,,,,,,19.5,,71.0,,,,
B27,2024-06-13 11:42:22,,18.0,19.0,,,20.0,20.0,,,183.0,213.0,215.0,215.0,215.0,,,,,,,,,,,,,,,,,,,,,,,,,,,,,,,,,,19.5,,71.0,,,,
B27,2024-06-13 11:57:22,,18.0,20.0,,,20.0,20.0,,,183.0,214.0,216.0,216.0,216.0,,,,,,,,,,,,,,,,,,,,,,,,,,,,,,,,,,19.5,,71.0,,,,
B27,2024-06-13 12:12:22,,17.0,19.0,,,19.0,19.0,,,177.0,207.0,208.0,209.0,209.0,,,,,,,,,,,,,,,,,,,,,,,,,,,,,,,,,,19.6,,71.0,,,,
B27,2024-06-13 12:27:22,,17.0,18.0,,,19.0,19.0,,,174.0,203.0,204.0,204.0,204.0,,,,,,,,,,,,,,,,,,,,,,,,,,,,,,,,,,19.7,,70.0,,,,
B27,2024-06-13 12:42:22,,18.0,20.0,,,20.0,21.0,,,188.0,219.0,220.0,221.0,221.0,,,,,,,,,,,,,,,,,,,,,,,,,,,,,,,,,,19.7,,70.0,,,,
B27,2024-06-13 12:57:22,,19.0,21.0,,,21.0,21.0,,,193.0,225.0,227.0,227.0,227.0,,,,,,,,,,,,,,,,,,,,,,,,,,,,,,,,,,19.6,,70.0,,,,
B27,2024-06-13 13:12:22,,19.0,21.0,,,21.0,22.0,,,193.0,226.0,228.0,228.0,228.0,,,,,,,,,,,,,,,,,,,,,,,,,,,,,,,,,,19.6,,70.0,,,,
B27,2024-06-13 13:27:22,,19.0,21.0,,,22.0,22.0,,,197.0,231.0,232.0,233.0,233.0,,,,,,,,,,,,,,,,,,,,,,,,,,,,,,,,,,19.6,,70.0,,,,
B27,2024-06-13 13:42:22,,20.0,22.0,,,23.0,24.0,,,208.0,243.0,245.0,246.0,246.0,,,,,,,,,,,,,,,,,,,,,,,,,,,,,,,,,,19.7,,70.0,,,,
B27,2024-06-13 13:57:22,,22.0,24.0,,,25.0,25.0,,,219.0,257.0,259.0,259.0,260.0,,,,,,,,,,,,,,,,,,,,,,,,,,,,,,,,,,19.7,,70.0,,,,
B27,2024-06-13 14:12:22,,22.0,24.0,,,25.0,25.0,,,220.0,257.0,259.0,260.0,260.0,,,,,,,,,,,,,,,,,,,,,,,,,,,,,,,,,,19.8,,70.0,,,,
B27,2024-06-13 14:27:22,,22.0,24.0,,,25.0,25.0,,,219.0,256.0,258.0,259.0,259.0,,,,,,,,,,,,,,,,,,,,,,,,,,,,,,,,,,20.0,,69.0,,,,
B27,2024-06-13 14:42:22,,23.0,26.0,,,26.0,27.0,,,237.0,277.0,280.0,280.0,280.0,,,,,,,,,,,,,,,,,,,,,,,,,,,,,,,,,,20.2,,69.0,,,,
B27,2024-06-13 14:57:22,,24.0,26.0,,,27.0,28.0,,,238.0,279.0,282.0,282.0,282.0,,,,,,,,,,,,,,,,,,,,,,,,,,,,,,,,,,20.4,,68.0,,,,
B27,2024-06-13 15:12:22,,23.0,25.0,,,26.0,27.0,,,231.0,271.0,273.0,274.0,274.0,,,,,,,,,,,,,,,,,,,,,,,,,,,,,,,,,,20.6,,67.0,,,,
B27,2024-06-13 15:27:22,,22.0,25.0,,,25.0,26.0,,,224.0,262.0,265.0,265.0,265.0,,,,,,,,,,,,,,,,,,,,,,,,,,,,,,,,,,20.7,,67.0,,,,
B27,2024-06-13 15:42:22,,23.0,26.0,,,27.0,27.0,,,230.0,270.0,273.0,273.0,273.0,,,,,,,,,,,,,,,,,,,,,,,,,,,,,,,,,,21.2,,66.0,,,,
B27,2024-06-13 15:57:22,,24.0,26.0,,,27.0,28.0,,,235.0,275.0,278.0,279.0,279.0,,,,,,,,,,,,,,,,,,,,,,,,,,,,,,,,,,21.4,,65.0,,,,
B27,2024-06-13 16:12:22,,22.0,25.0,,,26.0,26.0,,,223.0,261.0,264.0,264.0,264.0,,,,,,,,,,,,,,,,,,,,,,,,,,,,,,,,,,22.1,,64.0,,,,
B27,2024-06-13 16:27:22,,22.0,24.0,,,25.0,25.0,,,219.0,256.0,258.0,259.0,259.0,,,,,,,,,,,,,,,,,,,,,,,,,,,,,,,,,,22.9,,61.0,,,,
B27,2024-06-13 16:42:22,,21.0,23.0,,,24.0,24.0,,,206.0,241.0,243.0,243.0,243.0,,,,,,,,,,,,,,,,,,,,,,,,,,,,,,,,,,25.4,,56.0,,,,
B27,2024-06-13 16:57:22,,21.0,23.0,,,24.0,24.0,,,198.0,231.0,233.0,233.0,233.0,,,,,,,,,,,,,,,,,,,,,,,,,,,,,,,,,,30.1,,46.0,,,,
B27,2024-06-13 17:12:22,,21.0,22.0,,,23.0,23.0,,,190.0,222.0,223.0,223.0,223.0,,,,,,,,,,,,,,,,,,,,,,,,,,,,,,,,,,31.3,,42.0,,,,
B27,2024-06-13 17:27:22,,20.0,22.0,,,22.0,23.0,,,186.0,217.0,218.0,219.0,219.0,,,,,,,,,,,,,,,,,,,,,,,,,,,,,,,,,,32.0,,41.0,,,,
B27,2024-06-13 17:42:22,,20.0,22.0,,,22.0,22.0,,,183.0,214.0,215.0,215.0,215.0,,,,,,,,,,,,,,,,,,,,,,,,,,,,,,,,,,34.7,,37.0,,,,
B27,2024-06-13 17:57:22,,20.0,21.0,,,21.0,21.0,,,174.0,202.0,203.0,204.0,204.0,,,,,,,,,,,,,,,,,,,,,,,,,,,,,,,,,,37.1,,34.0,,,,
B27,2024-06-13 18:12:22,,19.0,20.0,,,20.0,20.0,,,168.0,194.0,195.0,195.0,195.0,,,,,,,,,,,,,,,,,,,,,,,,,,,,,,,,,,38.7,,31.0,,,,
B27,2024-06-13 18:27:22,,19.0,20.0,,,20.0,20.0,,,168.0,195.0,196.0,196.0,196.0,,,,,,,,,,,,,,,,,,,,,,,,,,,,,,,,,,39.1,,30.0,,,,
B27,2024-06-13 18:42:22,,19.0,20.0,,,20.0,20.0,,,163.0,189.0,190.0,190.0,190.0,,,,,,,,,,,,,,,,,,,,,,,,,,,,,,,,,,39.6,,30.0,,,,
B27,2024-06-13 18:57:22,,20.0,21.0,,,21.0,21.0,,,177.0,206.0,206.0,206.0,206.0,,,,,,,,,,,,,,,,,,,,,,,,,,,,,,,,,,37.5,,31.0,,,,
B27,2024-06-13 19:12:22,,20.0,21.0,,,21.0,21.0,,,181.0,210.0,211.0,211.0,211.0,,,,,,,,,,,,,,,,,,,,,,,,,,,,,,,,,,34.5,,36.0,,,,
B27,2024-06-13 19:27:22,,21.0,22.0,,,22.0,23.0,,,193.0,224.0,225.0,225.0,225.0,,,,,,,,,,,,,,,,,,,,,,,,,,,,,,,,,,33.3,,37.0,,,,
B27,2024-06-13 19:42:22,,20.0,21.0,,,21.0,21.0,,,186.0,215.0,216.0,216.0,216.0,,,,,,,,,,,,,,,,,,,,,,,,,,,,,,,,,,32.3,,38.0,,,,
B27,2024-06-13 19:57:22,,19.0,20.0,,,20.0,20.0,,,173.0,201.0,202.0,202.0,202.0,,,,,,,,,,,,,,,,,,,,,,,,,,,,,,,,,,31.7,,39.0,,,,
B27,2024-06-13 20:12:22,,18.0,19.0,,,19.0,19.0,,,165.0,192.0,193.0,193.0,193.0,,,,,,,,,,,,,,,,,,,,,,,,,,,,,,,,,,31.4,,39.0,,,,
B27,2024-06-13 20:27:22,,14.0,15.0,,,15.0,15.0,,,131.0,151.0,152.0,152.0,152.0,,,,,,,,,,,,,,,,,,,,,,,,,,,,,,,,,,31.3,,40.0,,,,
B27,2024-06-13 20:42:22,,11.0,11.0,,,11.0,11.0,,,99.0,114.0,115.0,115.0,115.0,,,,,,,,,,,,,,,,,,,,,,,,,,,,,,,,,,31.3,,40.0,,,,
B27,2024-06-13 20:57:22,,8.0,9.0,,,9.0,9.0,,,79.0,92.0,92.0,92.0,92.0,,,,,,,,,,,,,,,,,,,,,,,,,,,,,,,,,,31.2,,40.0,,,,
B27,2024-06-13 21:12:22,,7.0,8.0,,,8.0,8.0,,,69.0,80.0,80.0,80.0,80.0,,,,,,,,,,,,,,,,,,,,,,,,,,,,,,,,,,30.9,,40.0,,,,
B27,2024-06-13 21:27:22,,7.0,7.0,,,7.0,7.0,,,65.0,76.0,76.0,76.0,76.0,,,,,,,,,,,,,,,,,,,,,,,,,,,,,,,,,,30.7,,40.0,,,,
B27,2024-06-13 21:42:22,,7.0,7.0,,,7.0,7.0,,,65.0,75.0,75.0,75.0,75.0,,,,,,,,,,,,,,,,,,,,,,,,,,,,,,,,,,30.3,,40.0,,,,
B27,2024-06-13 21:57:22,,6.0,7.0,,,7.0,7.0,,,59.0,68.0,68.0,68.0,68.0,,,,,,,,,,,,,,,,,,,,,,,,,,,,,,,,,,29.7,,41.0,,,,
B27,2024-06-13 22:12:22,,5.0,5.0,,,5.0,5.0,,,47.0,55.0,55.0,55.0,55.0,,,,,,,,,,,,,,,,,,,,,,,,,,,,,,,,,,29.4,,42.0,,,,
B27,2024-06-13 22:27:22,,5.0,5.0,,,5.0,5.0,,,47.0,55.0,55.0,55.0,55.0,,,,,,,,,,,,,,,,,,,,,,,,,,,,,,,,,,29.2,,42.0,,,,
B27,2024-06-13 22:42:22,,5.0,6.0,,,6.0,6.0,,,51.0,59.0,59.0,59.0,59.0,,,,,,,,,,,,,,,,,,,,,,,,,,,,,,,,,,29.0,,42.0,,,,
B27,2024-06-13 22:57:22,,5.0,6.0,,,6.0,6.0,,,50.0,58.0,58.0,58.0,58.0,,,,,,,,,,,,,,,,,,,,,,,,,,,,,,,,,,29.0,,42.0,,,,
B27,2024-06-13 23:12:22,,5.0,6.0,,,6.0,6.0,,,50.0,58.0,58.0,58.0,58.0,,,,,,,,,,,,,,,,,,,,,,,,,,,,,,,,,,29.1,,42.0,,,,
B27,2024-06-13 23:27:22,,5.0,5.0,,,5.0,5.0,,,45.0,53.0,53.0,53.0,53.0,,,,,,,,,,,,,,,,,,,,,,,,,,,,,,,,,,29.1,,42.0,,,,
B27,2024-06-13 23:42:22,,4.0,4.0,,,4.0,4.0,,,36.0,42.0,42.0,42.0,42.0,,,,,,,,,,,,,,,,,,,,,,,,,,,,,,,,,,28.9,,42.0,,,,
B27,2024-06-13 23:57:22,,3.0,3.0,,,3.0,3.0,,,31.0,36.0,36.0,36.0,36.0,,,,,,,,,,,,,,,,,,,,,,,,,,,,,,,,,,28.6,,43.0,,,,
B27,2024-06-14 00:12:22,,3.0,3.0,,,3.0,3.0,,,26.0,30.0,30.0,30.0,31.0,,,,,,,,,,,,,,,,,,,,,,,,,,,,,,,,,,28.0,,44.0,,,,
B27,2024-06-14 00:27:22,,3.0,3.0,,,3.0,3.0,,,25.0,29.0,29.0,29.0,29.0,,,,,,,,,,,,,,,,,,,,,,,,,,,,,,,,,,27.4,,45.0,,,,
B27,2024-06-14 00:42:22,,3.0,3.0,,,3.0,3.0,,,26.0,30.0,30.0,30.0,30.0,,,,,,,,,,,,,,,,,,,,,,,,,,,,,,,,,,26.9,,46.0,,,,
B27,2024-06-14 00:57:22,,3.0,3.0,,,3.0,3.0,,,25.0,30.0,30.0,30.0,30.0,,,,,,,,,,,,,,,,,,,,,,,,,,,,,,,,,,26.6,,46.0,,,,
B27,2024-06-14 01:12:22,,2.0,3.0,,,3.0,3.0,,,23.0,27.0,27.0,27.0,27.0,,,,,,,,,,,,,,,,,,,,,,,,,,,,,,,,,,26.2,,48.0,,,,
B27,2024-06-14 01:27:22,,2.0,3.0,,,3.0,3.0,,,24.0,28.0,28.0,28.0,28.0,,,,,,,,,,,,,,,,,,,,,,,,,,,,,,,,,,25.6,,49.0,,,,
B27,2024-06-14 01:42:22,,3.0,3.0,,,3.0,3.0,,,29.0,33.0,33.0,33.0,33.0,,,,,,,,,,,,,,,,,,,,,,,,,,,,,,,,,,24.9,,51.0,,,,
B27,2024-06-14 01:57:22,,3.0,3.0,,,3.0,3.0,,,31.0,36.0,36.0,36.0,36.0,,,,,,,,,,,,,,,,,,,,,,,,,,,,,,,,,,24.3,,53.0,,,,
B27,2024-06-14 02:12:22,,3.0,3.0,,,3.0,3.0,,,25.0,29.0,29.0,29.0,29.0,,,,,,,,,,,,,,,,,,,,,,,,,,,,,,,,,,23.8,,55.0,,,,
B27,2024-06-14 02:27:22,,3.0,3.0,,,3.0,3.0,,,28.0,33.0,33.0,33.0,33.0,,,,,,,,,,,,,,,,,,,,,,,,,,,,,,,,,,23.2,,57.0,,,,
B27,2024-06-14 02:42:22,,3.0,3.0,,,3.0,3.0,,,29.0,33.0,34.0,34.0,34.0,,,,,,,,,,,,,,,,,,,,,,,,,,,,,,,,,,22.6,,59.0,,,,
B27,2024-06-14 02:57:22,,3.0,3.0,,,3.0,3.0,,,30.0,34.0,34.0,34.0,35.0,,,,,,,,,,,,,,,,,,,,,,,,,,,,,,,,,,22.0,,61.0,,,,
B27,2024-06-14 03:12:22,,3.0,3.0,,,3.0,3.0,,,29.0,34.0,34.0,34.0,34.0,,,,,,,,,,,,,,,,,,,,,,,,,,,,,,,,,,21.5,,62.0,,,,
B27,2024-06-14 03:27:22,,3.0,3.0,,,3.0,3.0,,,33.0,38.0,38.0,38.0,38.0,,,,,,,,,,,,,,,,,,,,,,,,,,,,,,,,,,21.0,,63.0,,,,
B27,2024-06-14 03:42:22,,4.0,4.0,,,4.0,4.0,,,38.0,44.0,44.0,44.0,44.0,,,,,,,,,,,,,,,,,,,,,,,,,,,,,,,,,,20.7,,64.0,,,,
B27,2024-06-14 03:57:22,,4.0,4.0,,,4.0,4.0,,,39.0,46.0,46.0,46.0,46.0,,,,,,,,,,,,,,,,,,,,,,,,,,,,,,,,,,20.5,,65.0,,,,
B27,2024-06-14 04:12:22,,4.0,4.0,,,4.0,4.0,,,39.0,45.0,45.0,45.0,45.0,,,,,,,,,,,,,,,,,,,,,,,,,,,,,,,,,,20.3,,66.0,,,,
B27,2024-06-14 04:27:22,,4.0,4.0,,,4.0,4.0,,,39.0,45.0,45.0,46.0,46.0,,,,,,,,,,,,,,,,,,,,,,,,,,,,,,,,,,20.1,,67.0,,,,
B27,2024-06-14 04:42:22,,4.0,4.0,,,4.0,4.0,,,41.0,48.0,48.0,48.0,48.0,,,,,,,,,,,,,,,,,,,,,,,,,,,,,,,,,,20.0,,67.0,,,,
B27,2024-06-14 04:57:22,,4.0,4.0,,,4.0,4.0,,,41.0,48.0,48.0,48.0,48.0,,,,,,,,,,,,,,,,,,,,,,,,,,,,,,,,,,20.0,,68.0,,,,
B27,2024-06-14 05:12:22,,4.0,4.0,,,4.0,4.0,,,42.0,49.0,49.0,49.0,49.0,,,,,,,,,,,,,,,,,,,,,,,,,,,,,,,,,,19.9,,68.0,,,,
B27,2024-06-14 05:27:22,,4.0,4.0,,,4.0,4.0,,,41.0,47.0,47.0,47.0,47.0,,,,,,,,,,,,,,,,,,,,,,,,,,,,,,,,,,19.7,,68.0,,,,
B27,2024-06-14 05:42:22,,4.0,5.0,,,5.0,5.0,,,45.0,52.0,52.0,52.0,52.0,,,,,,,,,,,,,,,,,,,,,,,,,,,,,,,,,,19.7,,69.0,,,,
B27,2024-06-14 05:57:22,,4.0,5.0,,,5.0,5.0,,,46.0,53.0,54.0,54.0,54.0,,,,,,,,,,,,,,,,,,,,,,,,,,,,,,,,,,19.7,,69.0,,,,
B27,2024-06-14 06:12:22,,5.0,5.0,,,5.0,5.0,,,48.0,56.0,56.0,56.0,56.0,,,,,,,,,,,,,,,,,,,,,,,,,,,,,,,,,,19.6,,69.0,,,,
B27,2024-06-14 06:27:22,,5.0,6.0,,,6.0,6.0,,,56.0,65.0,65.0,65.0,65.0,,,,,,,,,,,,,,,,,,,,,,,,,,,,,,,,,,19.7,,69.0,,,,
B27,2024-06-14 06:42:22,,7.0,7.0,,,7.0,7.0,,,71.0,83.0,83.0,83.0,83.0,,,,,,,,,,,,,,,,,,,,,,,,,,,,,,,,,,19.9,,69.0,,,,
B27,2024-06-14 06:57:22,,8.0,8.0,,,8.0,8.0,,,77.0,90.0,90.0,90.0,90.0,,,,,,,,,,,,,,,,,,,,,,,,,,,,,,,,,,19.9,,69.0,,,,
B27,2024-06-14 07:12:22,,8.0,8.0,,,8.0,8.0,,,80.0,92.0,93.0,93.0,93.0,,,,,,,,,,,,,,,,,,,,,,,,,,,,,,,,,,19.7,,69.0,,,,
B27,2024-06-14 07:27:22,,9.0,10.0,,,10.0,10.0,,,96.0,111.0,111.0,111.0,111.0,,,,,,,,,,,,,,,,,,,,,,,,,,,,,,,,,,19.7,,69.0,,,,
B27,2024-06-14 07:42:22,,10.0,10.0,,,10.0,10.0,,,102.0,118.0,119.0,119.0,119.0,,,,,,,,,,,,,,,,,,,,,,,,,,,,,,,,,,19.8,,69.0,,,,
B27,2024-06-14 07:57:22,,10.0,11.0,,,11.0,11.0,,,105.0,122.0,122.0,122.0,122.0,,,,,,,,,,,,,,,,,,,,,,,,,,,,,,,,,,19.7,,69.0,,,,
B27,2024-06-14 08:12:22,,11.0,12.0,,,12.0,12.0,,,114.0,133.0,133.0,133.0,134.0,,,,,,,,,,,,,,,,,,,,,,,,,,,,,,,,,,19.6,,69.0,,,,
B27,2024-06-14 08:27:22,,11.0,12.0,,,12.0,12.0,,,113.0,131.0,132.0,132.0,132.0,,,,,,,,,,,,,,,,,,,,,,,,,,,,,,,,,,19.4,,69.0,,,,
B27,2024-06-14 08:42:22,,12.0,12.0,,,12.0,12.0,,,120.0,140.0,140.0,140.0,140.0,,,,,,,,,,,,,,,,,,,,,,,,,,,,,,,,,,19.2,,70.0,,,,
B27,2024-06-14 08:57:22,,11.0,12.0,,,12.0,12.0,,,115.0,133.0,133.0,133.0,133.0,,,,,,,,,,,,,,,,,,,,,,,,,,,,,,,,,,19.1,,70.0,,,,
B27,2024-06-14 09:12:22,,12.0,13.0,,,13.0,13.0,,,122.0,142.0,142.0,143.0,143.0,,,,,,,,,,,,,,,,,,,,,,,,,,,,,,,,,,19.0,,70.0,,,,
B27,2024-06-14 09:27:22,,12.0,13.0,,,13.0,13.0,,,127.0,148.0,148.0,148.0,148.0,,,,,,,,,,,,,,,,,,,,,,,,,,,,,,,,,,18.8,,70.0,,,,
B27,2024-06-14 09:42:22,,12.0,13.0,,,13.0,13.0,,,128.0,149.0,149.0,149.0,149.0,,,,,,,,,,,,,,,,,,,,,,,,,,,,,,,,,,18.7,,71.0,,,,
B27,2024-06-14 09:57:22,,13.0,13.0,,,14.0,14.0,,,130.0,152.0,152.0,152.0,152.0,,,,,,,,,,,,,,,,,,,,,,,,,,,,,,,,,,18.7,,71.0,,,,
B27,2024-06-14 10:12:22,,12.0,13.0,,,13.0,14.0,,,127.0,148.0,149.0,149.0,149.0,,,,,,,,,,,,,,,,,,,,,,,,,,,,,,,,,,18.8,,71.0,,,,
B27,2024-06-14 10:27:22,,13.0,14.0,,,14.0,14.0,,,133.0,155.0,156.0,156.0,157.0,,,,,,,,,,,,,,,,,,,,,,,,,,,,,,,,,,19.0,,71.0,,,,
B27,2024-06-14 10:42:22,,15.0,16.0,,,17.0,17.0,,,152.0,177.0,179.0,179.0,179.0,,,,,,,,,,,,,,,,,,,,,,,,,,,,,,,,,,19.1,,70.0,,,,
B27,2024-06-14 10:57:22,,15.0,17.0,,,17.0,17.0,,,156.0,182.0,184.0,184.0,184.0,,,,,,,,,,,,,,,,,,,,,,,,,,,,,,,,,,19.0,,70.0,,,,
B27,2024-06-14 11:12:22,,16.0,17.0,,,18.0,18.0,,,163.0,190.0,192.0,192.0,192.0,,,,,,,,,,,,,,,,,,,,,,,,,,,,,,,,,,18.8,,71.0,,,,
B27,2024-06-14 11:27:22,,16.0,18.0,,,19.0,19.0,,,168.0,196.0,198.0,198.0,198.0,,,,,,,,,,,,,,,,,,,,,,,,,,,,,,,,,,18.9,,71.0,,,,
B27,2024-06-14 11:42:22,,19.0,21.0,,,22.0,22.0,,,195.0,228.0,230.0,231.0,231.0,,,,,,,,,,,,,,,,,,,,,,,,,,,,,,,,,,19.0,,71.0,,,,
B27,2024-06-14 11:57:22,,20.0,22.0,,,23.0,23.0,,,203.0,238.0,240.0,241.0,241.0,,,,,,,,,,,,,,,,,,,,,,,,,,,,,,,,,,19.2,,70.0,,,,
B27,2024-06-14 12:12:22,,19.0,21.0,,,22.0,23.0,,,198.0,232.0,234.0,234.0,235.0,,,,,,,,,,,,,,,,,,,,,,,,,,,,,,,,,,19.2,,69.0,,,,
B27,2024-06-14 12:27:22,,20.0,22.0,,,22.0,23.0,,,201.0,235.0,237.0,238.0,238.0,,,,,,,,,,,,,,,,,,,,,,,,,,,,,,,,,,19.3,,69.0,,,,
B27,2024-06-14 12:42:22,,20.0,22.0,,,23.0,23.0,,,199.0,234.0,236.0,237.0,237.0,,,,,,,,,,,,,,,,,,,,,,,,,,,,,,,,,,19.3,,69.0,,,,
B27,2024-06-14 12:57:22,,20.0,22.0,,,23.0,24.0,,,206.0,241.0,243.0,243.0,244.0,,,,,,,,,,,,,,,,,,,,,,,,,,,,,,,,,,19.3,,69.0,,,,
B27,2024-06-14 13:12:22,,19.0,21.0,,,22.0,23.0,,,195.0,228.0,231.0,231.0,231.0,,,,,,,,,,,,,,,,,,,,,,,,,,,,,,,,,,19.4,,69.0,,,,
B27,2024-06-14 13:27:22,,20.0,22.0,,,23.0,23.0,,,202.0,236.0,239.0,239.0,239.0,,,,,,,,,,,,,,,,,,,,,,,,,,,,,,,,,,19.5,,68.0,,,,
B27,2024-06-14 13:42:22,,20.0,22.0,,,23.0,23.0,,,200.0,234.0,237.0,237.0,237.0,,,,,,,,,,,,,,,,,,,,,,,,,,,,,,,,,,19.5,,68.0,,,,
B27,2024-06-14 13:57:22,,21.0,23.0,,,24.0,24.0,,,210.0,246.0,248.0,249.0,249.0,,,,,,,,,,,,,,,,,,,,,,,,,,,,,,,,,,19.6,,68.0,,,,
B27,2024-06-14 14:12:22,,20.0,23.0,,,23.0,24.0,,,207.0,243.0,245.0,246.0,246.0,,,,,,,,,,,,,,,,,,,,,,,,,,,,,,,,,,19.8,,68.0,,,,
B27,2024-06-14 14:27:22,,19.0,21.0,,,22.0,23.0,,,196.0,230.0,232.0,232.0,232.0,,,,,,,,,,,,,,,,,,,,,,,,,,,,,,,,,,20.1,,67.0,,,,
B27,2024-06-14 14:42:22,,21.0,23.0,,,24.0,24.0,,,208.0,244.0,246.0,247.0,247.0,,,,,,,,,,,,,,,,,,,,,,,,,,,,,,,,,,20.4,,66.0,,,,
B27,2024-06-14 14:57:22,,20.0,22.0,,,23.0,23.0,,,200.0,234.0,236.0,236.0,236.0,,,,,,,,,,,,,,,,,,,,,,,,,,,,,,,,,,20.7,,65.0,,,,
B27,2024-06-14 15:12:22,,18.0,20.0,,,21.0,21.0,,,181.0,212.0,214.0,214.0,214.0,,,,,,,,,,,,,,,,,,,,,,,,,,,,,,,,,,21.6,,62.0,,,,
B27,2024-06-14 15:27:22,,18.0,19.0,,,20.0,20.0,,,173.0,203.0,204.0,204.0,204.0,,,,,,,,,,,,,,,,,,,,,,,,,,,,,,,,,,22.9,,60.0,,,,
B27,2024-06-14 15:42:22,,16.0,17.0,,,17.0,17.0,,,152.0,176.0,177.0,177.0,177.0,,,,,,,,,,,,,,,,,,,,,,,,,,,,,,,,,,28.7,,47.0,,,,
B27,2024-06-14 15:57:22,,16.0,17.0,,,17.0,17.0,,,146.0,169.0,170.0,170.0,170.0,,,,,,,,,,,,,,,,,,,,,,,,,,,,,,,,,,32.3,,40.0,,,,
B27,2024-06-14 16:12:22,,14.0,15.0,,,15.0,15.0,,,130.0,151.0,151.0,151.0,151.0,,,,,,,,,,,,,,,,,,,,,,,,,,,,,,,,,,34.7,,36.0,,,,
B27,2024-06-14 16:27:22,,14.0,15.0,,,15.0,15.0,,,125.0,145.0,145.0,145.0,145.0,,,,,,,,,,,,,,,,,,,,,,,,,,,,,,,,,,36.5,,33.0,,,,
B27,2024-06-14 16:42:22,,14.0,14.0,,,14.0,14.0,,,122.0,141.0,142.0,142.0,142.0,,,,,,,,,,,,,,,,,,,,,,,,,,,,,,,,,,37.6,,32.0,,,,
B27,2024-06-14 16:57:22,,13.0,13.0,,,13.0,13.0,,,111.0,129.0,129.0,129.0,129.0,,,,,,,,,,,,,,,,,,,,,,,,,,,,,,,,,,38.9,,30.0,,,,
B27,2024-06-14 17:12:22,,12.0,13.0,,,13.0,13.0,,,104.0,120.0,120.0,120.0,120.0,,,,,,,,,,,,,,,,,,,,,,,,,,,,,,,,,,39.9,,29.0,,,,
B27,2024-06-14 17:27:22,,12.0,13.0,,,13.0,13.0,,,108.0,125.0,125.0,125.0,125.0,,,,,,,,,,,,,,,,,,,,,,,,,,,,,,,,,,40.3,,28.0,,,,
B27,2024-06-14 17:42:22,,12.0,13.0,,,13.0,13.0,,,106.0,122.0,123.0,123.0,123.0,,,,,,,,,,,,,,,,,,,,,,,,,,,,,,,,,,41.3,,27.0,,,,
B27,2024-06-14 17:57:22,,11.0,11.0,,,11.0,11.0,,,93.0,108.0,108.0,108.0,108.0,,,,,,,,,,,,,,,,,,,,,,,,,,,,,,,,,,41.3,,27.0,,,,
B27,2024-06-14 18:12:22,,11.0,11.0,,,11.0,11.0,,,91.0,106.0,106.0,106.0,106.0,,,,,,,,,,,,,,,,,,,,,,,,,,,,,,,,,,41.8,,27.0,,,,
B27,2024-06-14 18:27:22,,10.0,11.0,,,11.0,11.0,,,89.0,104.0,104.0,104.0,104.0,,,,,,,,,,,,,,,,,,,,,,,,,,,,,,,,,,42.3,,26.0,,,,
B27,2024-06-14 18:42:22,,11.0,11.0,,,11.0,11.0,,,93.0,108.0,108.0,108.0,108.0,,,,,,,,,,,,,,,,,,,,,,,,,,,,,,,,,,41.5,,26.0,,,,
B27,2024-06-14 18:57:22,,11.0,11.0,,,11.0,11.0,,,95.0,110.0,111.0,111.0,111.0,,,,,,,,,,,,,,,,,,,,,,,,,,,,,,,,,,39.1,,28.0,,,,
B27,2024-06-14 19:12:22,,10.0,11.0,,,11.0,11.0,,,94.0,109.0,110.0,110.0,110.0,,,,,,,,,,,,,,,,,,,,,,,,,,,,,,,,,,35.8,,32.0,,,,
B27,2024-06-14 19:27:22,,11.0,11.0,,,11.0,11.0,,,97.0,112.0,113.0,113.0,113.0,,,,,,,,,,,,,,,,,,,,,,,,,,,,,,,,,,34.2,,34.0,,,,
B27,2024-06-14 19:42:22,,10.0,11.0,,,11.0,11.0,,,96.0,111.0,112.0,112.0,112.0,,,,,,,,,,,,,,,,,,,,,,,,,,,,,,,,,,34.1,,35.0,,,,
B27,2024-06-14 19:57:22,,11.0,11.0,,,11.0,11.0,,,98.0,113.0,114.0,114.0,114.0,,,,,,,,,,,,,,,,,,,,,,,,,,,,,,,,,,33.7,,35.0,,,,
B27,2024-06-14 20:12:22,,11.0,12.0,,,12.0,12.0,,,103.0,119.0,120.0,120.0,120.0,,,,,,,,,,,,,,,,,,,,,,,,,,,,,,,,,,33.5,,37.0,,,,
B27,2024-06-14 20:27:22,,11.0,12.0,,,12.0,12.0,,,102.0,118.0,118.0,118.0,118.0,,,,,,,,,,,,,,,,,,,,,,,,,,,,,,,,,,33.5,,38.0,,,,
B27,2024-06-14 20:42:22,,11.0,11.0,,,11.0,11.0,,,99.0,114.0,115.0,115.0,115.0,,,,,,,,,,,,,,,,,,,,,,,,,,,,,,,,,,33.2,,38.0,,,,
B27,2024-06-14 20:57:22,,11.0,12.0,,,12.0,12.0,,,101.0,117.0,117.0,117.0,117.0,,,,,,,,,,,,,,,,,,,,,,,,,,,,,,,,,,33.0,,39.0,,,,
B27,2024-06-14 21:12:22,,10.0,11.0,,,11.0,11.0,,,96.0,112.0,112.0,112.0,112.0,,,,,,,,,,,,,,,,,,,,,,,,,,,,,,,,,,32.8,,39.0,,,,
B27,2024-06-14 21:27:22,,11.0,12.0,,,12.0,12.0,,,104.0,120.0,121.0,121.0,121.0,,,,,,,,,,,,,,,,,,,,,,,,,,,,,,,,,,32.5,,39.0,,,,
B27,2024-06-14 21:42:22,,11.0,11.0,,,11.0,11.0,,,101.0,117.0,117.0,117.0,117.0,,,,,,,,,,,,,,,,,,,,,,,,,,,,,,,,,,32.1,,40.0,,,,
B27,2024-06-14 21:57:22,,11.0,12.0,,,12.0,12.0,,,102.0,118.0,118.0,119.0,119.0,,,,,,,,,,,,,,,,,,,,,,,,,,,,,,,,,,31.5,,41.0,,,,
B27,2024-06-14 22:12:22,,11.0,12.0,,,12.0,12.0,,,102.0,118.0,118.0,118.0,119.0,,,,,,,,,,,,,,,,,,,,,,,,,,,,,,,,,,31.3,,41.0,,,,
B27,2024-06-14 22:27:22,,11.0,11.0,,,11.0,11.0,,,99.0,115.0,115.0,115.0,116.0,,,,,,,,,,,,,,,,,,,,,,,,,,,,,,,,,,31.1,,42.0,,,,
B27,2024-06-14 22:42:22,,11.0,11.0,,,11.0,11.0,,,100.0,116.0,116.0,116.0,116.0,,,,,,,,,,,,,,,,,,,,,,,,,,,,,,,,,,31.0,,42.0,,,,
B27,2024-06-14 22:57:22,,11.0,11.0,,,11.0,11.0,,,101.0,118.0,118.0,118.0,118.0,,,,,,,,,,,,,,,,,,,,,,,,,,,,,,,,,,30.7,,42.0,,,,
B27,2024-06-14 23:12:22,,11.0,11.0,,,11.0,11.0,,,100.0,116.0,116.0,116.0,116.0,,,,,,,,,,,,,,,,,,,,,,,,,,,,,,,,,,30.5,,42.0,,,,
B27,2024-06-14 23:27:22,,10.0,11.0,,,11.0,11.0,,,95.0,111.0,111.0,111.0,111.0,,,,,,,,,,,,,,,,,,,,,,,,,,,,,,,,,,30.4,,43.0,,,,
B27,2024-06-14 23:42:22,,10.0,10.0,,,10.0,10.0,,,90.0,105.0,105.0,105.0,105.0,,,,,,,,,,,,,,,,,,,,,,,,,,,,,,,,,,30.3,,43.0,,,,
B27,2024-06-14 23:57:22,,10.0,10.0,,,10.0,10.0,,,90.0,104.0,105.0,105.0,105.0,,,,,,,,,,,,,,,,,,,,,,,,,,,,,,,,,,30.2,,43.0,,,,
B27,2024-06-15 00:12:22,,9.0,10.0,,,10.0,10.0,,,87.0,101.0,101.0,101.0,101.0,,,,,,,,,,,,,,,,,,,,,,,,,,,,,,,,,,29.9,,43.0,,,,
B27,2024-06-15 00:27:22,,9.0,9.0,,,9.0,9.0,,,81.0,94.0,94.0,94.0,94.0,,,,,,,,,,,,,,,,,,,,,,,,,,,,,,,,,,29.6,,44.0,,,,
B27,2024-06-15 00:42:22,,8.0,8.0,,,8.0,8.0,,,75.0,87.0,87.0,87.0,87.0,,,,,,,,,,,,,,,,,,,,,,,,,,,,,,,,,,29.4,,44.0,,,,
B27,2024-06-15 00:57:22,,7.0,8.0,,,8.0,8.0,,,69.0,80.0,81.0,81.0,81.0,,,,,,,,,,,,,,,,,,,,,,,,,,,,,,,,,,29.2,,44.0,,,,
B27,2024-06-15 01:12:22,,7.0,7.0,,,7.0,7.0,,,65.0,75.0,76.0,76.0,76.0,,,,,,,,,,,,,,,,,,,,,,,,,,,,,,,,,,28.8,,45.0,,,,
B27,2024-06-15 01:27:22,,8.0,8.0,,,8.0,8.0,,,76.0,88.0,88.0,88.0,88.0,,,,,,,,,,,,,,,,,,,,,,,,,,,,,,,,,,28.3,,46.0,,,,
B27,2024-06-15 01:42:22,,7.0,7.0,,,7.0,7.0,,,68.0,79.0,79.0,79.0,79.0,,,,,,,,,,,,,,,,,,,,,,,,,,,,,,,,,,27.8,,47.0,,,,
B27,2024-06-15 01:57:22,,7.0,7.0,,,7.0,7.0,,,63.0,74.0,74.0,74.0,74.0,,,,,,,,,,,,,,,,,,,,,,,,,,,,,,,,,,27.4,,48.0,,,,
B27,2024-06-15 02:12:22,,6.0,6.0,,,6.0,6.0,,,59.0,68.0,69.0,69.0,69.0,,,,,,,,,,,,,,,,,,,,,,,,,,,,,,,,,,26.8,,50.0,,,,
B27,2024-06-15 02:27:22,,6.0,6.0,,,6.0,6.0,,,55.0,63.0,63.0,63.0,63.0,,,,,,,,,,,,,,,,,,,,,,,,,,,,,,,,,,26.2,,51.0,,,,
B27,2024-06-15 02:42:22,,5.0,6.0,,,6.0,6.0,,,53.0,61.0,61.0,61.0,61.0,,,,,,,,,,,,,,,,,,,,,,,,,,,,,,,,,,25.6,,51.0,,,,
B27,2024-06-15 02:57:22,,5.0,6.0,,,6.0,6.0,,,53.0,62.0,62.0,62.0,62.0,,,,,,,,,,,,,,,,,,,,,,,,,,,,,,,,,,25.0,,53.0,,,,
B27,2024-06-15 03:12:22,,6.0,6.0,,,6.0,6.0,,,56.0,65.0,65.0,65.0,65.0,,,,,,,,,,,,,,,,,,,,,,,,,,,,,,,,,,24.5,,54.0,,,,
B27,2024-06-15 03:27:22,,6.0,6.0,,,6.0,6.0,,,56.0,64.0,65.0,65.0,65.0,,,,,,,,,,,,,,,,,,,,,,,,,,,,,,,,,,24.1,,55.0,,,,
B27,2024-06-15 03:42:22,,6.0,6.0,,,6.0,6.0,,,57.0,66.0,66.0,66.0,66.0,,,,,,,,,,,,,,,,,,,,,,,,,,,,,,,,,,23.7,,57.0,,,,
B27,2024-06-15 03:57:22,,5.0,6.0,,,6.0,6.0,,,54.0,63.0,63.0,63.0,63.0,,,,,,,,,,,,,,,,,,,,,,,,,,,,,,,,,,23.3,,58.0,,,,
B27,2024-06-15 04:12:22,,5.0,6.0,,,6.0,6.0,,,53.0,61.0,61.0,61.0,61.0,,,,,,,,,,,,,,,,,,,,,,,,,,,,,,,,,,23.1,,59.0,,,,
B27,2024-06-15 04:27:22,,5.0,6.0,,,6.0,6.0,,,54.0,63.0,63.0,63.0,63.0,,,,,,,,,,,,,,,,,,,,,,,,,,,,,,,,,,22.8,,60.0,,,,
B27,2024-06-15 04:42:22,,6.0,6.0,,,6.0,6.0,,,59.0,69.0,69.0,69.0,69.0,,,,,,,,,,,,,,,,,,,,,,,,,,,,,,,,,,22.6,,60.0,,,,
B27,2024-06-15 04:57:22,,6.0,7.0,,,7.0,7.0,,,62.0,72.0,72.0,72.0,72.0,,,,,,,,,,,,,,,,,,,,,,,,,,,,,,,,,,22.4,,61.0,,,,
B27,2024-06-15 05:12:22,,6.0,7.0,,,7.0,7.0,,,65.0,75.0,76.0,76.0,76.0,,,,,,,,,,,,,,,,,,,,,,,,,,,,,,,,,,22.2,,62.0,,,,
B27,2024-06-15 05:27:22,,7.0,7.0,,,7.0,7.0,,,71.0,82.0,83.0,83.0,83.0,,,,,,,,,,,,,,,,,,,,,,,,,,,,,,,,,,22.0,,63.0,,,,
B27,2024-06-15 05:42:22,,6.0,6.0,,,6.0,6.0,,,62.0,72.0,72.0,72.0,72.0,,,,,,,,,,,,,,,,,,,,,,,,,,,,,,,,,,21.7,,63.0,,,,
B27,2024-06-15 05:57:22,,6.0,7.0,,,7.0,7.0,,,66.0,76.0,77.0,77.0,77.0,,,,,,,,,,,,,,,,,,,,,,,,,,,,,,,,,,21.4,,64.0,,,,
B27,2024-06-15 06:12:22,,8.0,8.0,,,8.0,8.0,,,77.0,89.0,89.0,89.0,89.0,,,,,,,,,,,,,,,,,,,,,,,,,,,,,,,,,,21.2,,64.0,,,,
B27,2024-06-15 06:27:22,,7.0,8.0,,,8.0,8.0,,,75.0,87.0,87.0,87.0,87.0,,,,,,,,,,,,,,,,,,,,,,,,,,,,,,,,,,20.9,,65.0,,,,
B27,2024-06-15 06:42:22,,7.0,7.0,,,7.0,7.0,,,72.0,83.0,84.0,84.0,84.0,,,,,,,,,,,,,,,,,,,,,,,,,,,,,,,,,,20.7,,66.0,,,,
B27,2024-06-15 06:57:22,,8.0,8.0,,,8.0,8.0,,,78.0,91.0,91.0,91.0,91.0,,,,,,,,,,,,,,,,,,,,,,,,,,,,,,,,,,20.6,,66.0,,,,
B27,2024-06-15 07:12:22,,8.0,9.0,,,9.0,9.0,,,86.0,99.0,100.0,100.0,100.0,,,,,,,,,,,,,,,,,,,,,,,,,,,,,,,,,,20.4,,66.0,,,,
B27,2024-06-15 07:27:22,,9.0,10.0,,,10.0,10.0,,,95.0,110.0,111.0,111.0,111.0,,,,,,,,,,,,,,,,,,,,,,,,,,,,,,,,,,20.2,,66.0,,,,
B27,2024-06-15 07:42:22,,9.0,10.0,,,10.0,10.0,,,96.0,112.0,112.0,112.0,112.0,,,,,,,,,,,,,,,,,,,,,,,,,,,,,,,,,,20.0,,66.0,,,,
B27,2024-06-15 07:57:22,,9.0,9.0,,,9.0,9.0,,,89.0,103.0,104.0,104.0,104.0,,,,,,,,,,,,,,,,,,,,,,,,,,,,,,,,,,19.9,,66.0,,,,
B27,2024-06-15 08:12:22,,9.0,9.0,,,9.0,9.0,,,88.0,102.0,103.0,103.0,103.0,,,,,,,,,,,,,,,,,,,,,,,,,,,,,,,,,,19.8,,66.0,,,,
B27,2024-06-15 08:27:22,,8.0,9.0,,,9.0,9.0,,,85.0,99.0,99.0,99.0,99.0,,,,,,,,,,,,,,,,,,,,,,,,,,,,,,,,,,19.6,,67.0,,,,
B27,2024-06-15 08:42:22,,9.0,9.0,,,9.0,9.0,,,89.0,103.0,103.0,104.0,104.0,,,,,,,,,,,,,,,,,,,,,,,,,,,,,,,,,,19.5,,67.0,,,,
B27,2024-06-15 08:57:22,,9.0,9.0,,,9.0,9.0,,,91.0,106.0,106.0,106.0,106.0,,,,,,,,,,,,,,,,,,,,,,,,,,,,,,,,,,19.3,,67.0,,,,
B27,2024-06-15 09:12:22,,9.0,9.0,,,9.0,9.0,,,92.0,107.0,107.0,107.0,107.0,,,,,,,,,,,,,,,,,,,,,,,,,,,,,,,,,,19.2,,68.0,,,,
B27,2024-06-15 09:27:22,,9.0,10.0,,,10.0,10.0,,,97.0,113.0,113.0,113.0,113.0,,,,,,,,,,,,,,,,,,,,,,,,,,,,,,,,,,19.1,,68.0,,,,
B27,2024-06-15 09:42:22,,10.0,10.0,,,10.0,10.0,,,102.0,118.0,118.0,118.0,118.0,,,,,,,,,,,,,,,,,,,,,,,,,,,,,,,,,,19.0,,68.0,,,,
B27,2024-06-15 09:57:22,,10.0,11.0,,,11.0,11.0,,,104.0,121.0,121.0,121.0,121.0,,,,,,,,,,,,,,,,,,,,,,,,,,,,,,,,,,18.9,,68.0,,,,
B27,2024-06-15 10:12:22,,10.0,10.0,,,10.0,10.0,,,103.0,120.0,120.0,120.0,120.0,,,,,,,,,,,,,,,,,,,,,,,,,,,,,,,,,,18.7,,69.0,,,,
B27,2024-06-15 10:27:22,,10.0,10.0,,,10.0,10.0,,,102.0,118.0,119.0,119.0,119.0,,,,,,,,,,,,,,,,,,,,,,,,,,,,,,,,,,18.6,,69.0,,,,
B27,2024-06-15 10:42:22,,10.0,10.0,,,10.0,10.0,,,100.0,116.0,117.0,117.0,117.0,,,,,,,,,,,,,,,,,,,,,,,,,,,,,,,,,,18.4,,70.0,,,,
B27,2024-06-15 10:57:22,,10.0,10.0,,,10.0,10.0,,,101.0,118.0,118.0,118.0,118.0,,,,,,,,,,,,,,,,,,,,,,,,,,,,,,,,,,18.2,,70.0,,,,
B27,2024-06-15 11:12:22,,10.0,10.0,,,10.0,10.0,,,102.0,119.0,119.0,119.0,119.0,,,,,,,,,,,,,,,,,,,,,,,,,,,,,,,,,,18.1,,71.0,,,,
B27,2024-06-15 11:27:22,,10.0,11.0,,,11.0,11.0,,,104.0,121.0,121.0,121.0,121.0,,,,,,,,,,,,,,,,,,,,,,,,,,,,,,,,,,18.0,,71.0,,,,
B27,2024-06-15 11:42:22,,10.0,11.0,,,11.0,11.0,,,106.0,123.0,123.0,123.0,123.0,,,,,,,,,,,,,,,,,,,,,,,,,,,,,,,,,,17.9,,71.0,,,,
B27,2024-06-15 11:57:22,,10.0,11.0,,,11.0,11.0,,,108.0,126.0,126.0,126.0,126.0,,,,,,,,,,,,,,,,,,,,,,,,,,,,,,,,,,17.9,,71.0,,,,
B27,2024-06-15 12:12:22,,10.0,11.0,,,11.0,11.0,,,109.0,126.0,127.0,127.0,127.0,,,,,,,,,,,,,,,,,,,,,,,,,,,,,,,,,,17.8,,71.0,,,,
B27,2024-06-15 12:27:22,,11.0,11.0,,,11.0,11.0,,,111.0,129.0,130.0,130.0,130.0,,,,,,,,,,,,,,,,,,,,,,,,,,,,,,,,,,17.7,,72.0,,,,
B27,2024-06-15 12:42:22,,11.0,12.0,,,12.0,12.0,,,114.0,132.0,133.0,133.0,133.0,,,,,,,,,,,,,,,,,,,,,,,,,,,,,,,,,,17.7,,72.0,,,,
B27,2024-06-15 12:57:22,,11.0,12.0,,,12.0,12.0,,,114.0,133.0,133.0,133.0,133.0,,,,,,,,,,,,,,,,,,,,,,,,,,,,,,,,,,17.6,,72.0,,,,
B27,2024-06-15 13:12:22,,11.0,12.0,,,12.0,12.0,,,119.0,139.0,139.0,139.0,139.0,,,,,,,,,,,,,,,,,,,,,,,,,,,,,,,,,,17.5,,72.0,,,,
B27,2024-06-15 13:27:22,,12.0,13.0,,,13.0,13.0,,,126.0,147.0,148.0,148.0,148.0,,,,,,,,,,,,,,,,,,,,,,,,,,,,,,,,,,17.7,,73.0,,,,
B27,2024-06-15 13:42:22,,13.0,14.0,,,14.0,14.0,,,131.0,152.0,153.0,153.0,153.0,,,,,,,,,,,,,,,,,,,,,,,,,,,,,,,,,,18.1,,72.0,,,,
B27,2024-06-15 13:57:22,,16.0,17.0,,,17.0,17.0,,,162.0,189.0,190.0,190.0,190.0,,,,,,,,,,,,,,,,,,,,,,,,,,,,,,,,,,18.7,,73.0,,,,
B27,2024-06-15 14:12:22,,17.0,18.0,,,18.0,19.0,,,172.0,200.0,202.0,202.0,202.0,,,,,,,,,,,,,,,,,,,,,,,,,,,,,,,,,,19.6,,72.0,,,,
B27,2024-06-15 14:27:22,,17.0,18.0,,,18.0,18.0,,,165.0,192.0,193.0,193.0,193.0,,,,,,,,,,,,,,,,,,,,,,,,,,,,,,,,,,23.0,,65.0,,,,
B27,2024-06-15 14:42:22,,16.0,17.0,,,17.0,17.0,,,150.0,174.0,175.0,175.0,175.0,,,,,,,,,,,,,,,,,,,,,,,,,,,,,,,,,,27.9,,52.0,,,,
B27,2024-06-15 14:57:22,,16.0,17.0,,,17.0,17.0,,,147.0,170.0,171.0,171.0,171.0,,,,,,,,,,,,,,,,,,,,,,,,,,,,,,,,,,30.9,,45.0,,,,
B27,2024-06-15 15:12:22,,15.0,16.0,,,16.0,16.0,,,142.0,164.0,165.0,165.0,165.0,,,,,,,,,,,,,,,,,,,,,,,,,,,,,,,,,,33.4,,40.0,,,,
B27,2024-06-15 15:27:22,,15.0,15.0,,,15.0,15.0,,,132.0,153.0,153.0,153.0,153.0,,,,,,,,,,,,,,,,,,,,,,,,,,,,,,,,,,35.7,,36.0,,,,
B27,2024-06-15 15:42:22,,14.0,15.0,,,15.0,15.0,,,125.0,145.0,145.0,145.0,145.0,,,,,,,,,,,,,,,,,,,,,,,,,,,,,,,,,,37.6,,33.0,,,,
B27,2024-06-15 15:57:22,,14.0,15.0,,,15.0,15.0,,,122.0,141.0,142.0,142.0,142.0,,,,,,,,,,,,,,,,,,,,,,,,,,,,,,,,,,39.1,,31.0,,,,
B27,2024-06-15 16:12:22,,13.0,14.0,,,14.0,14.0,,,113.0,131.0,132.0,132.0,132.0,,,,,,,,,,,,,,,,,,,,,,,,,,,,,,,,,,40.4,,29.0,,,,
B27,2024-06-15 16:27:22,,13.0,14.0,,,14.0,14.0,,,111.0,128.0,129.0,129.0,129.0,,,,,,,,,,,,,,,,,,,,,,,,,,,,,,,,,,41.6,,28.0,,,,
B27,2024-06-15 16:42:22,,13.0,14.0,,,14.0,14.0,,,110.0,127.0,127.0,127.0,127.0,,,,,,,,,,,,,,,,,,,,,,,,,,,,,,,,,,42.7,,27.0,,,,
B27,2024-06-15 16:57:22,,13.0,14.0,,,14.0,14.0,,,115.0,133.0,133.0,133.0,134.0,,,,,,,,,,,,,,,,,,,,,,,,,,,,,,,,,,43.3,,26.0,,,,
B27,2024-06-15 17:12:22,,14.0,14.0,,,14.0,14.0,,,115.0,134.0,134.0,134.0,134.0,,,,,,,,,,,,,,,,,,,,,,,,,,,,,,,,,,43.2,,26.0,,,,
B27,2024-06-15 17:27:22,,13.0,14.0,,,14.0,14.0,,,112.0,130.0,130.0,130.0,130.0,,,,,,,,,,,,,,,,,,,,,,,,,,,,,,,,,,43.4,,26.0,,,,
B27,2024-06-15 17:42:22,,13.0,14.0,,,14.0,14.0,,,112.0,130.0,130.0,130.0,131.0,,,,,,,,,,,,,,,,,,,,,,,,,,,,,,,,,,43.4,,26.0,,,,
B27,2024-06-15 17:57:22,,13.0,14.0,,,14.0,14.0,,,112.0,129.0,130.0,130.0,130.0,,,,,,,,,,,,,,,,,,,,,,,,,,,,,,,,,,43.7,,26.0,,,,
B27,2024-06-15 18:12:22,,12.0,13.0,,,13.0,13.0,,,104.0,120.0,121.0,121.0,121.0,,,,,,,,,,,,,,,,,,,,,,,,,,,,,,,,,,43.8,,25.0,,,,
B27,2024-06-15 18:27:22,,11.0,11.0,,,11.0,11.0,,,92.0,107.0,107.0,107.0,107.0,,,,,,,,,,,,,,,,,,,,,,,,,,,,,,,,,,44.1,,25.0,,,,
B27,2024-06-15 18:42:22,,10.0,10.0,,,10.0,10.0,,,83.0,96.0,97.0,97.0,97.0,,,,,,,,,,,,,,,,,,,,,,,,,,,,,,,,,,43.9,,25.0,,,,
B27,2024-06-15 18:57:22,,10.0,10.0,,,10.0,10.0,,,82.0,96.0,96.0,96.0,96.0,,,,,,,,,,,,,,,,,,,,,,,,,,,,,,,,,,41.3,,28.0,,,,
B27,2024-06-15 19:12:22,,9.0,10.0,,,10.0,10.0,,,83.0,96.0,96.0,96.0,96.0,,,,,,,,,,,,,,,,,,,,,,,,,,,,,,,,,,38.2,,32.0,,,,
B27,2024-06-15 19:27:22,,8.0,9.0,,,9.0,9.0,,,73.0,85.0,85.0,85.0,85.0,,,,,,,,,,,,,,,,,,,,,,,,,,,,,,,,,,36.7,,34.0,,,,
B27,2024-06-15 19:42:22,,8.0,8.0,,,8.0,8.0,,,71.0,82.0,82.0,82.0,82.0,,,,,,,,,,,,,,,,,,,,,,,,,,,,,,,,,,35.9,,35.0,,,,
B27,2024-06-15 19:57:22,,7.0,8.0,,,8.0,8.0,,,66.0,76.0,76.0,76.0,77.0,,,,,,,,,,,,,,,,,,,,,,,,,,,,,,,,,,35.2,,36.0,,,,
B27,2024-06-15 20:12:22,,8.0,8.0,,,8.0,8.0,,,70.0,82.0,82.0,82.0,82.0,,,,,,,,,,,,,,,,,,,,,,,,,,,,,,,,,,34.6,,37.0,,,,
B27,2024-06-15 20:27:22,,7.0,7.0,,,7.0,7.0,,,64.0,74.0,74.0,74.0,74.0,,,,,,,,,,,,,,,,,,,,,,,,,,,,,,,,,,34.4,,37.0,,,,
B27,2024-06-15 20:42:22,,7.0,8.0,,,8.0,8.0,,,66.0,76.0,76.0,76.0,76.0,,,,,,,,,,,,,,,,,,,,,,,,,,,,,,,,,,34.3,,38.0,,,,
B27,2024-06-15 20:57:22,,7.0,8.0,,,8.0,8.0,,,68.0,78.0,79.0,79.0,79.0,,,,,,,,,,,,,,,,,,,,,,,,,,,,,,,,,,34.2,,38.0,,,,
B27,2024-06-15 21:12:22,,8.0,8.0,,,8.0,8.0,,,72.0,83.0,84.0,84.0,84.0,,,,,,,,,,,,,,,,,,,,,,,,,,,,,,,,,,34.1,,37.0,,,,
B27,2024-06-15 21:27:22,,8.0,8.0,,,8.0,8.0,,,70.0,81.0,82.0,82.0,82.0,,,,,,,,,,,,,,,,,,,,,,,,,,,,,,,,,,33.8,,37.0,,,,
B27,2024-06-15 21:42:22,,8.0,8.0,,,8.0,8.0,,,69.0,80.0,80.0,80.0,80.0,,,,,,,,,,,,,,,,,,,,,,,,,,,,,,,,,,33.8,,38.0,,,,
B27,2024-06-15 21:57:22,,7.0,8.0,,,8.0,8.0,,,66.0,76.0,76.0,77.0,77.0,,,,,,,,,,,,,,,,,,,,,,,,,,,,,,,,,,33.7,,38.0,,,,
B27,2024-06-15 22:12:22,,5.0,6.0,,,6.0,6.0,,,49.0,57.0,57.0,57.0,57.0,,,,,,,,,,,,,,,,,,,,,,,,,,,,,,,,,,33.5,,38.0,,,,
B27,2024-06-15 22:27:22,,5.0,5.0,,,5.0,5.0,,,45.0,52.0,53.0,53.0,53.0,,,,,,,,,,,,,,,,,,,,,,,,,,,,,,,,,,33.4,,36.0,,,,
B27,2024-06-15 22:42:22,,5.0,5.0,,,6.0,6.0,,,40.0,48.0,49.0,49.0,49.0,,,,,,,,,,,,,,,,,,,,,,,,,,,,,,,,,,33.3,,37.0,,,,
B27,2024-06-15 22:57:22,,5.0,6.0,,,7.0,7.0,,,41.0,50.0,51.0,51.0,52.0,,,,,,,,,,,,,,,,,,,,,,,,,,,,,,,,,,32.9,,37.0,,,,
B27,2024-06-15 23:12:22,,5.0,6.0,,,7.0,7.0,,,44.0,53.0,54.0,55.0,55.0,,,,,,,,,,,,,,,,,,,,,,,,,,,,,,,,,,32.3,,38.0,,,,
B27,2024-06-15 23:27:22,,5.0,6.0,,,7.0,7.0,,,41.0,50.0,52.0,52.0,52.0,,,,,,,,,,,,,,,,,,,,,,,,,,,,,,,,,,32.0,,38.0,,,,
B27,2024-06-15 23:42:22,,4.0,6.0,,,7.0,7.0,,,38.0,47.0,49.0,49.0,49.0,,,,,,,,,,,,,,,,,,,,,,,,,,,,,,,,,,31.6,,38.0,,,,
B27,2024-06-15 23:57:22,,5.0,6.0,,,7.0,8.0,,,39.0,48.0,50.0,50.0,51.0,,,,,,,,,,,,,,,,,,,,,,,,,,,,,,,,,,31.1,,39.0,,,,
B27,2024-06-16 00:12:22,,5.0,6.0,,,7.0,8.0,,,40.0,49.0,51.0,51.0,52.0,,,,,,,,,,,,,,,,,,,,,,,,,,,,,,,,,,30.8,,39.0,,,,
B27,2024-06-16 00:27:22,,4.0,6.0,,,7.0,8.0,,,37.0,46.0,48.0,48.0,49.0,,,,,,,,,,,,,,,,,,,,,,,,,,,,,,,,,,30.5,,39.0,,,,
B27,2024-06-16 00:42:22,,4.0,6.0,,,7.0,7.0,,,38.0,47.0,49.0,49.0,50.0,,,,,,,,,,,,,,,,,,,,,,,,,,,,,,,,,,30.1,,40.0,,,,
B27,2024-06-16 00:57:22,,4.0,6.0,,,7.0,7.0,,,36.0,44.0,46.0,46.0,47.0,,,,,,,,,,,,,,,,,,,,,,,,,,,,,,,,,,29.8,,40.0,,,,
B27,2024-06-16 01:12:22,,4.0,6.0,,,6.0,7.0,,,36.0,45.0,47.0,47.0,47.0,,,,,,,,,,,,,,,,,,,,,,,,,,,,,,,,,,29.5,,40.0,,,,
B27,2024-06-16 01:27:22,,4.0,6.0,,,7.0,7.0,,,37.0,46.0,47.0,48.0,48.0,,,,,,,,,,,,,,,,,,,,,,,,,,,,,,,,,,29.2,,41.0,,,,
B27,2024-06-16 01:42:22,,4.0,6.0,,,7.0,8.0,,,38.0,47.0,50.0,50.0,50.0,,,,,,,,,,,,,,,,,,,,,,,,,,,,,,,,,,29.0,,42.0,,,,
B27,2024-06-16 01:57:22,,4.0,6.0,,,7.0,8.0,,,37.0,47.0,49.0,50.0,50.0,,,,,,,,,,,,,,,,,,,,,,,,,,,,,,,,,,28.6,,42.0,,,,
B27,2024-06-16 02:12:22,,4.0,6.0,,,7.0,8.0,,,38.0,48.0,50.0,50.0,51.0,,,,,,,,,,,,,,,,,,,,,,,,,,,,,,,,,,28.0,,43.0,,,,
B27,2024-06-16 02:27:22,,5.0,6.0,,,7.0,8.0,,,42.0,51.0,53.0,54.0,54.0,,,,,,,,,,,,,,,,,,,,,,,,,,,,,,,,,,27.4,,43.0,,,,
B27,2024-06-16 02:42:22,,4.0,6.0,,,7.0,8.0,,,37.0,46.0,48.0,49.0,49.0,,,,,,,,,,,,,,,,,,,,,,,,,,,,,,,,,,26.9,,44.0,,,,
B27,2024-06-16 02:57:22,,4.0,6.0,,,7.0,8.0,,,38.0,48.0,50.0,51.0,51.0,,,,,,,,,,,,,,,,,,,,,,,,,,,,,,,,,,26.3,,45.0,,,,
B27,2024-06-16 03:12:22,,5.0,6.0,,,7.0,8.0,,,40.0,49.0,51.0,52.0,52.0,,,,,,,,,,,,,,,,,,,,,,,,,,,,,,,,,,25.8,,46.0,,,,
B27,2024-06-16 03:27:22,,5.0,7.0,,,8.0,9.0,,,42.0,52.0,55.0,55.0,55.0,,,,,,,,,,,,,,,,,,,,,,,,,,,,,,,,,,25.4,,47.0,,,,
B27,2024-06-16 03:42:22,,5.0,7.0,,,9.0,10.0,,,46.0,57.0,60.0,61.0,61.0,,,,,,,,,,,,,,,,,,,,,,,,,,,,,,,,,,24.9,,47.0,,,,
B27,2024-06-16 03:57:22,,5.0,8.0,,,9.0,10.0,,,48.0,60.0,63.0,63.0,63.0,,,,,,,,,,,,,,,,,,,,,,,,,,,,,,,,,,24.3,,48.0,,,,
B27,2024-06-16 04:12:22,,5.0,8.0,,,9.0,10.0,,,46.0,58.0,61.0,62.0,62.0,,,,,,,,,,,,,,,,,,,,,,,,,,,,,,,,,,23.8,,49.0,,,,
B27,2024-06-16 04:27:22,,5.0,7.0,,,9.0,10.0,,,40.0,51.0,55.0,56.0,56.0,,,,,,,,,,,,,,,,,,,,,,,,,,,,,,,,,,23.3,,50.0,,,,
B27,2024-06-16 04:42:22,,5.0,7.0,,,9.0,10.0,,,39.0,50.0,54.0,54.0,55.0,,,,,,,,,,,,,,,,,,,,,,,,,,,,,,,,,,22.9,,50.0,,,,
B27,2024-06-16 04:57:22,,4.0,7.0,,,9.0,10.0,,,37.0,48.0,52.0,52.0,53.0,,,,,,,,,,,,,,,,,,,,,,,,,,,,,,,,,,22.6,,51.0,,,,
B27,2024-06-16 05:12:22,,4.0,7.0,,,9.0,10.0,,,36.0,47.0,51.0,52.0,52.0,,,,,,,,,,,,,,,,,,,,,,,,,,,,,,,,,,22.4,,52.0,,,,
B27,2024-06-16 05:27:22,,4.0,7.0,,,9.0,10.0,,,36.0,47.0,51.0,52.0,52.0,,,,,,,,,,,,,,,,,,,,,,,,,,,,,,,,,,22.3,,52.0,,,,
B27,2024-06-16 05:42:22,,5.0,7.0,,,9.0,10.0,,,38.0,50.0,54.0,55.0,55.0,,,,,,,,,,,,,,,,,,,,,,,,,,,,,,,,,,22.3,,53.0,,,,
B27,2024-06-16 05:57:22,,5.0,8.0,,,10.0,11.0,,,41.0,54.0,58.0,59.0,59.0,,,,,,,,,,,,,,,,,,,,,,,,,,,,,,,,,,22.2,,53.0,,,,
B27,2024-06-16 06:12:22,,5.0,7.0,,,9.0,10.0,,,40.0,52.0,56.0,57.0,57.0,,,,,,,,,,,,,,,,,,,,,,,,,,,,,,,,,,22.0,,54.0,,,,
B27,2024-06-16 06:27:22,,5.0,7.0,,,9.0,10.0,,,42.0,54.0,57.0,58.0,58.0,,,,,,,,,,,,,,,,,,,,,,,,,,,,,,,,,,21.7,,54.0,,,,
B27,2024-06-16 06:42:22,,5.0,7.0,,,9.0,10.0,,,47.0,59.0,62.0,63.0,63.0,,,,,,,,,,,,,,,,,,,,,,,,,,,,,,,,,,21.5,,55.0,,,,
B27,2024-06-16 06:57:22,,6.0,8.0,,,9.0,10.0,,,51.0,63.0,66.0,67.0,67.0,,,,,,,,,,,,,,,,,,,,,,,,,,,,,,,,,,21.2,,56.0,,,,
B27,2024-06-16 07:12:22,,6.0,8.0,,,9.0,9.0,,,54.0,66.0,69.0,69.0,69.0,,,,,,,,,,,,,,,,,,,,,,,,,,,,,,,,,,21.0,,57.0,,,,
B27,2024-06-16 07:27:22,,5.0,7.0,,,9.0,9.0,,,50.0,62.0,64.0,65.0,65.0,,,,,,,,,,,,,,,,,,,,,,,,,,,,,,,,,,20.8,,58.0,,,,
B27,2024-06-16 07:42:22,,5.0,7.0,,,9.0,9.0,,,47.0,59.0,62.0,62.0,62.0,,,,,,,,,,,,,,,,,,,,,,,,,,,,,,,,,,20.5,,58.0,,,,
B27,2024-06-16 07:57:22,,5.0,7.0,,,9.0,9.0,,,45.0,57.0,60.0,61.0,61.0,,,,,,,,,,,,,,,,,,,,,,,,,,,,,,,,,,20.4,,59.0,,,,
B27,2024-06-16 08:12:22,,5.0,7.0,,,9.0,10.0,,,48.0,61.0,63.0,64.0,64.0,,,,,,,,,,,,,,,,,,,,,,,,,,,,,,,,,,20.1,,59.0,,,,
B27,2024-06-16 08:27:22,,5.0,7.0,,,9.0,10.0,,,47.0,60.0,63.0,63.0,64.0,,,,,,,,,,,,,,,,,,,,,,,,,,,,,,,,,,19.9,,60.0,,,,
B27,2024-06-16 08:42:22,,5.0,7.0,,,8.0,9.0,,,47.0,58.0,61.0,62.0,62.0,,,,,,,,,,,,,,,,,,,,,,,,,,,,,,,,,,19.7,,61.0,,,,
B27,2024-06-16 08:57:22,,5.0,7.0,,,9.0,9.0,,,47.0,59.0,62.0,62.0,63.0,,,,,,,,,,,,,,,,,,,,,,,,,,,,,,,,,,19.6,,61.0,,,,
B27,2024-06-16 09:12:22,,5.0,7.0,,,9.0,10.0,,,46.0,58.0,61.0,62.0,62.0,,,,,,,,,,,,,,,,,,,,,,,,,,,,,,,,,,19.5,,61.0,,,,
B27,2024-06-16 09:27:22,,5.0,7.0,,,8.0,9.0,,,47.0,59.0,62.0,62.0,62.0,,,,,,,,,,,,,,,,,,,,,,,,,,,,,,,,,,19.3,,61.0,,,,
B27,2024-06-16 09:42:22,,5.0,7.0,,,9.0,10.0,,,46.0,58.0,61.0,62.0,62.0,,,,,,,,,,,,,,,,,,,,,,,,,,,,,,,,,,19.2,,62.0,,,,
B27,2024-06-16 09:57:22,,5.0,7.0,,,9.0,9.0,,,48.0,60.0,63.0,64.0,64.0,,,,,,,,,,,,,,,,,,,,,,,,,,,,,,,,,,19.0,,62.0,,,,
B27,2024-06-16 10:12:22,,5.0,7.0,,,8.0,9.0,,,48.0,60.0,63.0,63.0,63.0,,,,,,,,,,,,,,,,,,,,,,,,,,,,,,,,,,18.8,,62.0,,,,
B27,2024-06-16 10:27:22,,5.0,7.0,,,8.0,9.0,,,47.0,58.0,61.0,61.0,61.0,,,,,,,,,,,,,,,,,,,,,,,,,,,,,,,,,,18.6,,63.0,,,,
B27,2024-06-16 10:42:22,,5.0,7.0,,,8.0,9.0,,,50.0,62.0,64.0,65.0,65.0,,,,,,,,,,,,,,,,,,,,,,,,,,,,,,,,,,18.4,,64.0,,,,
B27,2024-06-16 10:57:22,,6.0,7.0,,,8.0,9.0,,,53.0,65.0,67.0,67.0,67.0,,,,,,,,,,,,,,,,,,,,,,,,,,,,,,,,,,18.4,,64.0,,,,
B27,2024-06-16 11:12:22,,5.0,7.0,,,8.0,9.0,,,52.0,64.0,66.0,66.0,66.0,,,,,,,,,,,,,,,,,,,,,,,,,,,,,,,,,,18.3,,64.0,,,,
B27,2024-06-16 11:27:22,,5.0,7.0,,,8.0,9.0,,,52.0,64.0,66.0,67.0,67.0,,,,,,,,,,,,,,,,,,,,,,,,,,,,,,,,,,18.1,,65.0,,,,
B27,2024-06-16 11:42:22,,5.0,7.0,,,8.0,9.0,,,49.0,61.0,64.0,64.0,64.0,,,,,,,,,,,,,,,,,,,,,,,,,,,,,,,,,,18.0,,66.0,,,,
B27,2024-06-16 11:57:22,,5.0,7.0,,,9.0,10.0,,,48.0,61.0,64.0,65.0,65.0,,,,,,,,,,,,,,,,,,,,,,,,,,,,,,,,,,17.9,,67.0,,,,
B27,2024-06-16 12:12:22,,5.0,7.0,,,9.0,9.0,,,50.0,63.0,66.0,66.0,66.0,,,,,,,,,,,,,,,,,,,,,,,,,,,,,,,,,,17.8,,67.0,,,,
B27,2024-06-16 12:27:22,,5.0,8.0,,,9.0,10.0,,,50.0,63.0,66.0,66.0,66.0,,,,,,,,,,,,,,,,,,,,,,,,,,,,,,,,,,17.8,,68.0,,,,
B27,2024-06-16 12:42:22,,5.0,7.0,,,8.0,9.0,,,49.0,61.0,64.0,64.0,64.0,,,,,,,,,,,,,,,,,,,,,,,,,,,,,,,,,,17.8,,68.0,,,,
B27,2024-06-16 12:57:22,,5.0,7.0,,,9.0,10.0,,,48.0,61.0,64.0,65.0,65.0,,,,,,,,,,,,,,,,,,,,,,,,,,,,,,,,,,17.7,,69.0,,,,
B27,2024-06-16 13:12:22,,5.0,8.0,,,9.0,10.0,,,50.0,63.0,66.0,66.0,67.0,,,,,,,,,,,,,,,,,,,,,,,,,,,,,,,,,,17.7,,69.0,,,,
B27,2024-06-16 13:27:22,,5.0,7.0,,,8.0,9.0,,,50.0,62.0,65.0,65.0,65.0,,,,,,,,,,,,,,,,,,,,,,,,,,,,,,,,,,18.0,,70.0,,,,
B27,2024-06-16 13:42:22,,6.0,8.0,,,9.0,10.0,,,55.0,67.0,70.0,70.0,71.0,,,,,,,,,,,,,,,,,,,,,,,,,,,,,,,,,,18.5,,69.0,,,,
B27,2024-06-16 13:57:22,,6.0,8.0,,,10.0,11.0,,,56.0,70.0,73.0,74.0,74.0,,,,,,,,,,,,,,,,,,,,,,,,,,,,,,,,,,19.1,,68.0,,,,
B27,2024-06-16 14:12:22,,7.0,9.0,,,11.0,11.0,,,61.0,76.0,79.0,80.0,80.0,,,,,,,,,,,,,,,,,,,,,,,,,,,,,,,,,,19.9,,67.0,,,,
B27,2024-06-16 14:27:22,,7.0,9.0,,,11.0,12.0,,,63.0,78.0,81.0,82.0,82.0,,,,,,,,,,,,,,,,,,,,,,,,,,,,,,,,,,22.6,,62.0,,,,
B27,2024-06-16 14:42:22,,7.0,10.0,,,12.0,12.0,,,65.0,81.0,84.0,85.0,85.0,,,,,,,,,,,,,,,,,,,,,,,,,,,,,,,,,,25.9,,55.0,,,,
B27,2024-06-16 14:57:22,,8.0,10.0,,,11.0,12.0,,,75.0,90.0,92.0,93.0,93.0,,,,,,,,,,,,,,,,,,,,,,,,,,,,,,,,,,28.3,,50.0,,,,
B27,2024-06-16 15:12:22,,8.0,9.0,,,10.0,11.0,,,71.0,84.0,86.0,87.0,87.0,,,,,,,,,,,,,,,,,,,,,,,,,,,,,,,,,,30.3,,45.0,,,,
B27,2024-06-16 15:27:22,,7.0,9.0,,,10.0,11.0,,,65.0,79.0,81.0,81.0,81.0,,,,,,,,,,,,,,,,,,,,,,,,,,,,,,,,,,32.0,,41.0,,,,
B27,2024-06-16 15:42:22,,7.0,9.0,,,10.0,10.0,,,58.0,71.0,73.0,73.0,73.0,,,,,,,,,,,,,,,,,,,,,,,,,,,,,,,,,,33.8,,38.0,,,,
B27,2024-06-16 15:57:22,,7.0,9.0,,,9.0,10.0,,,59.0,71.0,73.0,73.0,73.0,,,,,,,,,,,,,,,,,,,,,,,,,,,,,,,,,,35.8,,35.0,,,,
B27,2024-06-16 16:12:22,,6.0,8.0,,,8.0,9.0,,,53.0,64.0,65.0,65.0,65.0,,,,,,,,,,,,,,,,,,,,,,,,,,,,,,,,,,37.1,,33.0,,,,
B27,2024-06-16 16:27:22,,7.0,8.0,,,8.0,9.0,,,56.0,66.0,68.0,68.0,68.0,,,,,,,,,,,,,,,,,,,,,,,,,,,,,,,,,,38.0,,32.0,,,,
B27,2024-06-16 16:42:22,,7.0,8.0,,,9.0,9.0,,,58.0,69.0,71.0,71.0,71.0,,,,,,,,,,,,,,,,,,,,,,,,,,,,,,,,,,38.9,,31.0,,,,
B27,2024-06-16 16:57:22,,7.0,8.0,,,9.0,9.0,,,57.0,68.0,69.0,69.0,69.0,,,,,,,,,,,,,,,,,,,,,,,,,,,,,,,,,,39.8,,30.0,,,,
B27,2024-06-16 17:12:22,,6.0,7.0,,,8.0,8.0,,,51.0,60.0,62.0,62.0,62.0,,,,,,,,,,,,,,,,,,,,,,,,,,,,,,,,,,40.7,,29.0,,,,
B27,2024-06-16 17:27:22,,6.0,7.0,,,7.0,8.0,,,50.0,59.0,60.0,60.0,61.0,,,,,,,,,,,,,,,,,,,,,,,,,,,,,,,,,,41.4,,28.0,,,,
B27,2024-06-16 17:42:22,,6.0,7.0,,,8.0,8.0,,,53.0,63.0,63.0,64.0,64.0,,,,,,,,,,,,,,,,,,,,,,,,,,,,,,,,,,41.8,,27.0,,,,
B27,2024-06-16 17:57:22,,8.0,8.0,,,8.0,8.0,,,66.0,77.0,77.0,77.0,77.0,,,,,,,,,,,,,,,,,,,,,,,,,,,,,,,,,,42.2,,27.0,,,,
B27,2024-06-16 18:12:22,,8.0,9.0,,,9.0,9.0,,,69.0,80.0,80.0,80.0,80.0,,,,,,,,,,,,,,,,,,,,,,,,,,,,,,,,,,42.3,,27.0,,,,
B27,2024-06-16 18:27:22,,8.0,9.0,,,9.0,9.0,,,73.0,84.0,85.0,85.0,85.0,,,,,,,,,,,,,,,,,,,,,,,,,,,,,,,,,,42.4,,27.0,,,,
B27,2024-06-16 18:42:22,,8.0,9.0,,,9.0,9.0,,,70.0,81.0,81.0,81.0,81.0,,,,,,,,,,,,,,,,,,,,,,,,,,,,,,,,,,42.4,,26.0,,,,
B27,2024-06-16 18:57:22,,8.0,8.0,,,8.0,8.0,,,67.0,78.0,78.0,78.0,78.0,,,,,,,,,,,,,,,,,,,,,,,,,,,,,,,,,,40.0,,29.0,,,,
B27,2024-06-16 19:12:22,,7.0,8.0,,,8.0,8.0,,,67.0,78.0,78.0,78.0,78.0,,,,,,,,,,,,,,,,,,,,,,,,,,,,,,,,,,36.4,,33.0,,,,
B27,2024-06-16 19:27:22,,8.0,8.0,,,8.0,8.0,,,69.0,81.0,81.0,81.0,81.0,,,,,,,,,,,,,,,,,,,,,,,,,,,,,,,,,,34.8,,35.0,,,,
B27,2024-06-16 19:42:22,,7.0,8.0,,,8.0,8.0,,,66.0,77.0,77.0,77.0,77.0,,,,,,,,,,,,,,,,,,,,,,,,,,,,,,,,,,33.9,,37.0,,,,
B27,2024-06-16 19:57:22,,7.0,7.0,,,8.0,8.0,,,62.0,72.0,73.0,73.0,73.0,,,,,,,,,,,,,,,,,,,,,,,,,,,,,,,,,,33.6,,36.0,,,,
B27,2024-06-16 20:12:22,,7.0,8.0,,,8.0,8.0,,,65.0,77.0,77.0,77.0,77.0,,,,,,,,,,,,,,,,,,,,,,,,,,,,,,,,,,33.3,,37.0,,,,
B27,2024-06-16 20:27:22,,8.0,8.0,,,9.0,9.0,,,68.0,80.0,81.0,81.0,81.0,,,,,,,,,,,,,,,,,,,,,,,,,,,,,,,,,,33.0,,38.0,,,,
B27,2024-06-16 20:42:22,,7.0,8.0,,,9.0,9.0,,,62.0,74.0,76.0,76.0,76.0,,,,,,,,,,,,,,,,,,,,,,,,,,,,,,,,,,32.8,,39.0,,,,
B27,2024-06-16 20:57:22,,7.0,8.0,,,9.0,9.0,,,58.0,70.0,71.0,71.0,71.0,,,,,,,,,,,,,,,,,,,,,,,,,,,,,,,,,,32.6,,39.0,,,,
B27,2024-06-16 21:12:22,,7.0,8.0,,,9.0,10.0,,,62.0,75.0,76.0,77.0,77.0,,,,,,,,,,,,,,,,,,,,,,,,,,,,,,,,,,32.3,,40.0,,,,
B27,2024-06-16 21:27:22,,6.0,8.0,,,9.0,10.0,,,55.0,67.0,69.0,69.0,69.0,,,,,,,,,,,,,,,,,,,,,,,,,,,,,,,,,,32.2,,40.0,,,,
B27,2024-06-16 21:42:22,,6.0,8.0,,,10.0,10.0,,,54.0,66.0,68.0,69.0,69.0,,,,,,,,,,,,,,,,,,,,,,,,,,,,,,,,,,32.1,,41.0,,,,
B27,2024-06-16 21:57:22,,6.0,8.0,,,9.0,10.0,,,53.0,65.0,67.0,68.0,68.0,,,,,,,,,,,,,,,,,,,,,,,,,,,,,,,,,,32.0,,41.0,,,,
B27,2024-06-16 22:12:22,,6.0,8.0,,,10.0,11.0,,,51.0,63.0,66.0,66.0,67.0,,,,,,,,,,,,,,,,,,,,,,,,,,,,,,,,,,31.7,,42.0,,,,
B27,2024-06-16 22:27:22,,6.0,8.0,,,9.0,10.0,,,51.0,63.0,66.0,66.0,66.0,,,,,,,,,,,,,,,,,,,,,,,,,,,,,,,,,,31.4,,42.0,,,,
B27,2024-06-16 22:42:22,,6.0,9.0,,,10.0,11.0,,,54.0,67.0,70.0,70.0,70.0,,,,,,,,,,,,,,,,,,,,,,,,,,,,,,,,,,31.3,,42.0,,,,
B27,2024-06-16 22:57:22,,6.0,8.0,,,10.0,10.0,,,55.0,68.0,70.0,71.0,71.0,,,,,,,,,,,,,,,,,,,,,,,,,,,,,,,,,,31.1,,42.0,,,,
B27,2024-06-16 23:12:22,,6.0,8.0,,,9.0,10.0,,,55.0,67.0,69.0,70.0,70.0,,,,,,,,,,,,,,,,,,,,,,,,,,,,,,,,,,30.9,,43.0,,,,
B27,2024-06-16 23:27:22,,6.0,8.0,,,9.0,10.0,,,53.0,65.0,67.0,67.0,67.0,,,,,,,,,,,,,,,,,,,,,,,,,,,,,,,,,,30.8,,43.0,,,,
B27,2024-06-16 23:42:22,,6.0,8.0,,,9.0,10.0,,,55.0,68.0,70.0,70.0,70.0,,,,,,,,,,,,,,,,,,,,,,,,,,,,,,,,,,30.5,,44.0,,,,
B27,2024-06-16 23:57:22,,6.0,8.0,,,9.0,10.0,,,54.0,66.0,68.0,69.0,69.0,,,,,,,,,,,,,,,,,,,,,,,,,,,,,,,,,,30.2,,44.0,,,,
B27,2024-06-17 00:12:22,,6.0,8.0,,,9.0,10.0,,,50.0,62.0,65.0,66.0,66.0,,,,,,,,,,,,,,,,,,,,,,,,,,,,,,,,,,29.9,,45.0,,,,
B27,2024-06-17 00:27:22,,6.0,8.0,,,9.0,10.0,,,53.0,65.0,67.0,68.0,68.0,,,,,,,,,,,,,,,,,,,,,,,,,,,,,,,,,,29.7,,45.0,,,,
B27,2024-06-17 00:42:22,,6.0,8.0,,,9.0,10.0,,,52.0,64.0,66.0,67.0,67.0,,,,,,,,,,,,,,,,,,,,,,,,,,,,,,,,,,29.4,,46.0,,,,
B27,2024-06-17 00:57:22,,6.0,8.0,,,9.0,10.0,,,50.0,62.0,65.0,65.0,66.0,,,,,,,,,,,,,,,,,,,,,,,,,,,,,,,,,,28.9,,46.0,,,,
B27,2024-06-17 01:12:22,,6.0,8.0,,,9.0,10.0,,,51.0,63.0,65.0,66.0,66.0,,,,,,,,,,,,,,,,,,,,,,,,,,,,,,,,,,28.4,,47.0,,,,
B27,2024-06-17 01:27:22,,6.0,8.0,,,9.0,10.0,,,51.0,63.0,65.0,65.0,66.0,,,,,,,,,,,,,,,,,,,,,,,,,,,,,,,,,,27.9,,48.0,,,,
B27,2024-06-17 01:42:22,,6.0,8.0,,,9.0,10.0,,,50.0,62.0,65.0,65.0,65.0,,,,,,,,,,,,,,,,,,,,,,,,,,,,,,,,,,27.5,,49.0,,,,
B27,2024-06-17 01:57:22,,6.0,8.0,,,9.0,10.0,,,50.0,62.0,65.0,65.0,65.0,,,,,,,,,,,,,,,,,,,,,,,,,,,,,,,,,,27.0,,50.0,,,,
B27,2024-06-17 02:12:22,,6.0,8.0,,,10.0,10.0,,,55.0,68.0,70.0,71.0,71.0,,,,,,,,,,,,,,,,,,,,,,,,,,,,,,,,,,26.6,,51.0,,,,
B27,2024-06-17 02:27:22,,6.0,8.0,,,9.0,10.0,,,56.0,69.0,71.0,72.0,72.0,,,,,,,,,,,,,,,,,,,,,,,,,,,,,,,,,,26.1,,52.0,,,,
B27,2024-06-17 02:42:22,,6.0,8.0,,,10.0,10.0,,,57.0,70.0,73.0,73.0,73.0,,,,,,,,,,,,,,,,,,,,,,,,,,,,,,,,,,25.7,,53.0,,,,
B27,2024-06-17 02:57:22,,6.0,8.0,,,10.0,11.0,,,53.0,66.0,70.0,70.0,70.0,,,,,,,,,,,,,,,,,,,,,,,,,,,,,,,,,,25.2,,55.0,,,,
B27,2024-06-17 03:12:22,,6.0,9.0,,,11.0,12.0,,,50.0,64.0,68.0,69.0,69.0,,,,,,,,,,,,,,,,,,,,,,,,,,,,,,,,,,24.7,,56.0,,,,
B27,2024-06-17 03:27:22,,6.0,9.0,,,11.0,12.0,,,47.0,61.0,66.0,67.0,67.0,,,,,,,,,,,,,,,,,,,,,,,,,,,,,,,,,,24.1,,57.0,,,,
B27,2024-06-17 03:42:22,,6.0,9.0,,,12.0,13.0,,,46.0,61.0,67.0,68.0,68.0,,,,,,,,,,,,,,,,,,,,,,,,,,,,,,,,,,23.5,,59.0,,,,
B27,2024-06-17 03:57:22,,6.0,9.0,,,11.0,13.0,,,46.0,61.0,65.0,66.0,66.0,,,,,,,,,,,,,,,,,,,,,,,,,,,,,,,,,,23.0,,60.0,,,,
B27,2024-06-17 04:12:22,,6.0,9.0,,,11.0,13.0,,,48.0,63.0,68.0,69.0,69.0,,,,,,,,,,,,,,,,,,,,,,,,,,,,,,,,,,22.7,,61.0,,,,
B27,2024-06-17 04:27:22,,6.0,9.0,,,11.0,12.0,,,49.0,64.0,69.0,69.0,70.0,,,,,,,,,,,,,,,,,,,,,,,,,,,,,,,,,,22.4,,61.0,,,,
B27,2024-06-17 04:42:22,,6.0,9.0,,,11.0,12.0,,,50.0,64.0,68.0,68.0,69.0,,,,,,,,,,,,,,,,,,,,,,,,,,,,,,,,,,22.1,,62.0,,,,
B27,2024-06-17 04:57:22,,6.0,9.0,,,11.0,12.0,,,47.0,61.0,66.0,67.0,67.0,,,,,,,,,,,,,,,,,,,,,,,,,,,,,,,,,,22.0,,62.0,,,,
B27,2024-06-17 05:12:22,,6.0,9.0,,,11.0,12.0,,,45.0,60.0,64.0,65.0,65.0,,,,,,,,,,,,,,,,,,,,,,,,,,,,,,,,,,21.8,,63.0,,,,
B27,2024-06-17 05:27:22,,6.0,9.0,,,11.0,12.0,,,46.0,61.0,66.0,67.0,67.0,,,,,,,,,,,,,,,,,,,,,,,,,,,,,,,,,,21.5,,64.0,,,,
B27,2024-06-17 05:42:22,,6.0,9.0,,,11.0,12.0,,,49.0,63.0,68.0,68.0,69.0,,,,,,,,,,,,,,,,,,,,,,,,,,,,,,,,,,21.3,,65.0,,,,
B27,2024-06-17 05:57:22,,6.0,9.0,,,11.0,12.0,,,47.0,62.0,66.0,67.0,67.0,,,,,,,,,,,,,,,,,,,,,,,,,,,,,,,,,,21.2,,66.0,,,,
B27,2024-06-17 06:12:22,,6.0,9.0,,,11.0,12.0,,,48.0,63.0,67.0,68.0,68.0,,,,,,,,,,,,,,,,,,,,,,,,,,,,,,,,,,21.3,,66.0,,,,
B27,2024-06-17 06:27:22,,5.0,8.0,,,11.0,12.0,,,44.0,58.0,63.0,64.0,64.0,,,,,,,,,,,,,,,,,,,,,,,,,,,,,,,,,,21.3,,66.0,,,,
B27,2024-06-17 06:42:22,,5.0,8.0,,,11.0,12.0,,,45.0,59.0,64.0,65.0,65.0,,,,,,,,,,,,,,,,,,,,,,,,,,,,,,,,,,21.1,,66.0,,,,
B27,2024-06-17 06:57:22,,6.0,9.0,,,12.0,13.0,,,48.0,63.0,68.0,69.0,69.0,,,,,,,,,,,,,,,,,,,,,,,,,,,,,,,,,,21.2,,66.0,,,,
B27,2024-06-17 07:12:22,,6.0,9.0,,,11.0,13.0,,,48.0,63.0,67.0,68.0,69.0,,,,,,,,,,,,,,,,,,,,,,,,,,,,,,,,,,21.5,,65.0,,,,
B27,2024-06-17 07:27:22,,6.0,9.0,,,11.0,12.0,,,46.0,61.0,66.0,67.0,67.0,,,,,,,,,,,,,,,,,,,,,,,,,,,,,,,,,,21.6,,65.0,,,,
B27,2024-06-17 07:42:22,,5.0,9.0,,,11.0,12.0,,,46.0,60.0,64.0,65.0,65.0,,,,,,,,,,,,,,,,,,,,,,,,,,,,,,,,,,21.5,,65.0,,,,
B27,2024-06-17 07:57:22,,6.0,8.0,,,10.0,11.0,,,54.0,67.0,71.0,71.0,71.0,,,,,,,,,,,,,,,,,,,,,,,,,,,,,,,,,,21.5,,65.0,,,,
B27,2024-06-17 08:12:22,,6.0,8.0,,,10.0,11.0,,,52.0,65.0,68.0,69.0,69.0,,,,,,,,,,,,,,,,,,,,,,,,,,,,,,,,,,21.4,,65.0,,,,
B27,2024-06-17 08:27:22,,6.0,8.0,,,10.0,11.0,,,51.0,65.0,68.0,69.0,69.0,,,,,,,,,,,,,,,,,,,,,,,,,,,,,,,,,,21.3,,65.0,,,,
B27,2024-06-17 08:42:22,,6.0,8.0,,,10.0,12.0,,,48.0,62.0,66.0,67.0,67.0,,,,,,,,,,,,,,,,,,,,,,,,,,,,,,,,,,21.1,,65.0,,,,
B27,2024-06-17 08:57:22,,6.0,8.0,,,10.0,11.0,,,51.0,64.0,68.0,69.0,69.0,,,,,,,,,,,,,,,,,,,,,,,,,,,,,,,,,,21.0,,66.0,,,,
B27,2024-06-17 09:12:22,,6.0,9.0,,,12.0,13.0,,,46.0,61.0,67.0,67.0,68.0,,,,,,,,,,,,,,,,,,,,,,,,,,,,,,,,,,21.1,,66.0,,,,
B27,2024-06-17 09:27:22,,5.0,9.0,,,12.0,13.0,,,43.0,58.0,63.0,64.0,64.0,,,,,,,,,,,,,,,,,,,,,,,,,,,,,,,,,,21.2,,65.0,,,,
B27,2024-06-17 09:42:22,,5.0,8.0,,,10.0,12.0,,,43.0,57.0,62.0,63.0,63.0,,,,,,,,,,,,,,,,,,,,,,,,,,,,,,,,,,21.2,,65.0,,,,
B27,2024-06-17 09:57:22,,6.0,9.0,,,11.0,13.0,,,45.0,60.0,65.0,66.0,66.0,,,,,,,,,,,,,,,,,,,,,,,,,,,,,,,,,,21.2,,64.0,,,,
B27,2024-06-17 10:12:22,,5.0,8.0,,,10.0,11.0,,,44.0,57.0,62.0,62.0,63.0,,,,,,,,,,,,,,,,,,,,,,,,,,,,,,,,,,21.2,,64.0,,,,
B27,2024-06-17 10:27:22,,5.0,8.0,,,10.0,12.0,,,45.0,58.0,63.0,64.0,64.0,,,,,,,,,,,,,,,,,,,,,,,,,,,,,,,,,,21.1,,64.0,,,,
B27,2024-06-17 10:42:22,,5.0,8.0,,,10.0,11.0,,,47.0,61.0,65.0,66.0,66.0,,,,,,,,,,,,,,,,,,,,,,,,,,,,,,,,,,21.1,,64.0,,,,
B27,2024-06-17 10:57:22,,5.0,9.0,,,11.0,12.0,,,45.0,60.0,64.0,65.0,66.0,,,,,,,,,,,,,,,,,,,,,,,,,,,,,,,,,,21.1,,64.0,,,,
B27,2024-06-17 11:12:22,,5.0,8.0,,,11.0,12.0,,,46.0,60.0,64.0,65.0,65.0,,,,,,,,,,,,,,,,,,,,,,,,,,,,,,,,,,21.1,,64.0,,,,
B27,2024-06-17 11:27:22,,6.0,9.0,,,11.0,12.0,,,46.0,61.0,65.0,66.0,66.0,,,,,,,,,,,,,,,,,,,,,,,,,,,,,,,,,,21.1,,64.0,,,,
B27,2024-06-17 11:42:22,,5.0,9.0,,,11.0,12.0,,,44.0,59.0,64.0,64.0,65.0,,,,,,,,,,,,,,,,,,,,,,,,,,,,,,,,,,21.1,,64.0,,,,
B27,2024-06-17 11:57:22,,5.0,9.0,,,11.0,13.0,,,45.0,59.0,64.0,65.0,65.0,,,,,,,,,,,,,,,,,,,,,,,,,,,,,,,,,,21.1,,63.0,,,,
B27,2024-06-17 12:12:22,,6.0,9.0,,,11.0,12.0,,,47.0,62.0,66.0,67.0,67.0,,,,,,,,,,,,,,,,,,,,,,,,,,,,,,,,,,21.1,,64.0,,,,
B27,2024-06-17 12:27:22,,6.0,9.0,,,11.0,12.0,,,46.0,61.0,66.0,67.0,67.0,,,,,,,,,,,,,,,,,,,,,,,,,,,,,,,,,,21.0,,64.0,,,,
B27,2024-06-17 12:42:22,,5.0,8.0,,,10.0,12.0,,,46.0,60.0,65.0,66.0,66.0,,,,,,,,,,,,,,,,,,,,,,,,,,,,,,,,,,20.9,,64.0,,,,
B27,2024-06-17 12:57:22,,6.0,9.0,,,11.0,12.0,,,48.0,63.0,67.0,68.0,68.0,,,,,,,,,,,,,,,,,,,,,,,,,,,,,,,,,,20.9,,64.0,,,,
B27,2024-06-17 13:12:22,,5.0,8.0,,,10.0,11.0,,,45.0,59.0,63.0,64.0,64.0,,,,,,,,,,,,,,,,,,,,,,,,,,,,,,,,,,20.9,,64.0,,,,
B27,2024-06-17 13:27:22,,5.0,8.0,,,11.0,12.0,,,44.0,59.0,63.0,64.0,64.0,,,,,,,,,,,,,,,,,,,,,,,,,,,,,,,,,,20.9,,63.0,,,,
B27,2024-06-17 13:42:22,,5.0,8.0,,,10.0,11.0,,,45.0,59.0,63.0,64.0,64.0,,,,,,,,,,,,,,,,,,,,,,,,,,,,,,,,,,20.8,,63.0,,,,
B27,2024-06-17 13:57:22,,5.0,8.0,,,10.0,11.0,,,47.0,61.0,65.0,65.0,65.0,,,,,,,,,,,,,,,,,,,,,,,,,,,,,,,,,,21.0,,63.0,,,,
B27,2024-06-17 14:12:22,,6.0,8.0,,,10.0,11.0,,,52.0,66.0,69.0,70.0,70.0,,,,,,,,,,,,,,,,,,,,,,,,,,,,,,,,,,21.3,,63.0,,,,
B27,2024-06-17 14:27:22,,6.0,8.0,,,10.0,11.0,,,54.0,68.0,72.0,72.0,72.0,,,,,,,,,,,,,,,,,,,,,,,,,,,,,,,,,,21.9,,61.0,,,,
B27,2024-06-17 14:42:22,,6.0,9.0,,,10.0,11.0,,,54.0,68.0,71.0,72.0,72.0,,,,,,,,,,,,,,,,,,,,,,,,,,,,,,,,,,22.7,,59.0,,,,
B27,2024-06-17 14:57:22,,6.0,8.0,,,10.0,10.0,,,56.0,70.0,72.0,73.0,73.0,,,,,,,,,,,,,,,,,,,,,,,,,,,,,,,,,,23.0,,58.0,,,,
B27,2024-06-17 15:12:22,,6.0,8.0,,,9.0,10.0,,,60.0,73.0,75.0,75.0,76.0,,,,,,,,,,,,,,,,,,,,,,,,,,,,,,,,,,23.4,,57.0,,,,
B27,2024-06-17 15:27:22,,6.0,8.0,,,9.0,10.0,,,59.0,71.0,73.0,74.0,74.0,,,,,,,,,,,,,,,,,,,,,,,,,,,,,,,,,,24.3,,54.0,,,,
B27,2024-06-17 15:42:22,,6.0,8.0,,,9.0,9.0,,,59.0,71.0,73.0,73.0,73.0,,,,,,,,,,,,,,,,,,,,,,,,,,,,,,,,,,25.8,,51.0,,,,
B27,2024-06-17 15:57:22,,6.0,8.0,,,9.0,10.0,,,56.0,68.0,70.0,71.0,71.0,,,,,,,,,,,,,,,,,,,,,,,,,,,,,,,,,,26.6,,48.0,,,,
B27,2024-06-17 16:12:22,,6.0,8.0,,,9.0,9.0,,,53.0,64.0,66.0,67.0,67.0,,,,,,,,,,,,,,,,,,,,,,,,,,,,,,,,,,29.9,,43.0,,,,
B27,2024-06-17 16:27:22,,6.0,7.0,,,8.0,9.0,,,51.0,62.0,64.0,64.0,64.0,,,,,,,,,,,,,,,,,,,,,,,,,,,,,,,,,,31.9,,39.0,,,,
B27,2024-06-17 16:42:22,,6.0,8.0,,,9.0,9.0,,,52.0,64.0,65.0,66.0,66.0,,,,,,,,,,,,,,,,,,,,,,,,,,,,,,,,,,33.1,,37.0,,,,
B27,2024-06-17 16:57:22,,6.0,7.0,,,8.0,9.0,,,48.0,59.0,60.0,61.0,61.0,,,,,,,,,,,,,,,,,,,,,,,,,,,,,,,,,,36.7,,32.0,,,,
B27,2024-06-17 17:12:22,,6.0,7.0,,,8.0,9.0,,,49.0,59.0,61.0,61.0,61.0,,,,,,,,,,,,,,,,,,,,,,,,,,,,,,,,,,38.5,,30.0,,,,
B27,2024-06-17 17:27:22,,6.0,7.0,,,8.0,9.0,,,51.0,61.0,62.0,62.0,63.0,,,,,,,,,,,,,,,,,,,,,,,,,,,,,,,,,,39.6,,28.0,,,,
B27,2024-06-17 17:42:22,,6.0,7.0,,,8.0,8.0,,,51.0,61.0,63.0,63.0,63.0,,,,,,,,,,,,,,,,,,,,,,,,,,,,,,,,,,40.2,,28.0,,,,
B27,2024-06-17 17:57:22,,6.0,7.0,,,8.0,8.0,,,51.0,61.0,62.0,62.0,62.0,,,,,,,,,,,,,,,,,,,,,,,,,,,,,,,,,,40.5,,28.0,,,,
B27,2024-06-17 18:12:22,,6.0,8.0,,,8.0,9.0,,,52.0,62.0,64.0,64.0,64.0,,,,,,,,,,,,,,,,,,,,,,,,,,,,,,,,,,39.2,,29.0,,,,
B27,2024-06-17 18:27:22,,6.0,8.0,,,9.0,9.0,,,51.0,62.0,64.0,65.0,65.0,,,,,,,,,,,,,,,,,,,,,,,,,,,,,,,,,,37.7,,31.0,,,,
B27,2024-06-17 18:42:22,,6.0,8.0,,,9.0,9.0,,,50.0,61.0,63.0,64.0,64.0,,,,,,,,,,,,,,,,,,,,,,,,,,,,,,,,,,38.1,,31.0,,,,
B27,2024-06-17 18:57:22,,6.0,8.0,,,9.0,10.0,,,53.0,64.0,66.0,66.0,67.0,,,,,,,,,,,,,,,,,,,,,,,,,,,,,,,,,,35.7,,34.0,,,,
B27,2024-06-17 19:12:22,,6.0,8.0,,,9.0,10.0,,,54.0,66.0,68.0,69.0,69.0,,,,,,,,,,,,,,,,,,,,,,,,,,,,,,,,,,33.7,,36.0,,,,
B27,2024-06-17 19:27:22,,6.0,8.0,,,9.0,10.0,,,55.0,67.0,69.0,70.0,70.0,,,,,,,,,,,,,,,,,,,,,,,,,,,,,,,,,,32.8,,38.0,,,,
B27,2024-06-17 19:42:22,,7.0,8.0,,,9.0,9.0,,,57.0,68.0,70.0,70.0,71.0,,,,,,,,,,,,,,,,,,,,,,,,,,,,,,,,,,32.1,,39.0,,,,
B27,2024-06-17 19:57:22,,7.0,8.0,,,9.0,10.0,,,59.0,71.0,73.0,73.0,73.0,,,,,,,,,,,,,,,,,,,,,,,,,,,,,,,,,,31.7,,40.0,,,,
B27,2024-06-17 20:12:22,,7.0,8.0,,,9.0,9.0,,,60.0,71.0,72.0,73.0,73.0,,,,,,,,,,,,,,,,,,,,,,,,,,,,,,,,,,31.8,,40.0,,,,
B27,2024-06-17 20:27:22,,7.0,8.0,,,9.0,9.0,,,61.0,72.0,74.0,74.0,74.0,,,,,,,,,,,,,,,,,,,,,,,,,,,,,,,,,,31.3,,41.0,,,,
B27,2024-06-17 20:42:22,,7.0,8.0,,,8.0,9.0,,,59.0,70.0,72.0,72.0,72.0,,,,,,,,,,,,,,,,,,,,,,,,,,,,,,,,,,31.1,,41.0,,,,
B27,2024-06-17 20:57:22,,7.0,8.0,,,9.0,9.0,,,60.0,72.0,74.0,74.0,74.0,,,,,,,,,,,,,,,,,,,,,,,,,,,,,,,,,,30.9,,42.0,,,,
B27,2024-06-17 21:12:22,,7.0,8.0,,,9.0,9.0,,,63.0,75.0,76.0,76.0,77.0,,,,,,,,,,,,,,,,,,,,,,,,,,,,,,,,,,30.5,,42.0,,,,
B27,2024-06-17 21:27:22,,7.0,8.0,,,8.0,9.0,,,61.0,72.0,74.0,74.0,74.0,,,,,,,,,,,,,,,,,,,,,,,,,,,,,,,,,,30.1,,43.0,,,,
B27,2024-06-17 21:42:22,,7.0,8.0,,,9.0,9.0,,,63.0,75.0,76.0,77.0,77.0,,,,,,,,,,,,,,,,,,,,,,,,,,,,,,,,,,30.1,,44.0,,,,
B27,2024-06-17 21:57:22,,6.0,8.0,,,8.0,8.0,,,59.0,70.0,71.0,71.0,71.0,,,,,,,,,,,,,,,,,,,,,,,,,,,,,,,,,,30.1,,44.0,,,,
B27,2024-06-17 22:12:22,,7.0,8.0,,,9.0,9.0,,,63.0,75.0,76.0,76.0,76.0,,,,,,,,,,,,,,,,,,,,,,,,,,,,,,,,,,29.8,,44.0,,,,
B27,2024-06-17 22:27:22,,7.0,8.0,,,9.0,10.0,,,63.0,76.0,77.0,78.0,78.0,,,,,,,,,,,,,,,,,,,,,,,,,,,,,,,,,,29.5,,44.0,,,,
B27,2024-06-17 22:42:22,,7.0,8.0,,,9.0,9.0,,,65.0,77.0,79.0,79.0,79.0,,,,,,,,,,,,,,,,,,,,,,,,,,,,,,,,,,29.2,,45.0,,,,
B27,2024-06-17 22:57:22,,7.0,8.0,,,9.0,9.0,,,59.0,71.0,72.0,73.0,73.0,,,,,,,,,,,,,,,,,,,,,,,,,,,,,,,,,,28.9,,46.0,,,,
B27,2024-06-17 23:12:22,,6.0,8.0,,,9.0,9.0,,,57.0,69.0,71.0,71.0,71.0,,,,,,,,,,,,,,,,,,,,,,,,,,,,,,,,,,28.8,,46.0,,,,
B27,2024-06-17 23:27:22,,6.0,9.0,,,11.0,12.0,,,54.0,68.0,72.0,72.0,72.0,,,,,,,,,,,,,,,,,,,,,,,,,,,,,,,,,,28.8,,46.0,,,,
B27,2024-06-17 23:42:22,,6.0,8.0,,,9.0,9.0,,,53.0,65.0,67.0,67.0,67.0,,,,,,,,,,,,,,,,,,,,,,,,,,,,,,,,,,28.7,,46.0,,,,
B27,2024-06-17 23:57:22,,8.0,14.0,,,19.0,21.0,,,54.0,77.0,86.0,88.0,88.0,,,,,,,,,,,,,,,,,,,,,,,,,,,,,,,,,,28.4,,47.0,,,,
B27,2024-06-18 00:12:22,,6.0,8.0,,,9.0,10.0,,,49.0,61.0,63.0,64.0,64.0,,,,,,,,,,,,,,,,,,,,,,,,,,,,,,,,,,28.0,,48.0,,,,
B27,2024-06-18 00:27:22,,6.0,8.0,,,10.0,10.0,,,48.0,61.0,64.0,64.0,65.0,,,,,,,,,,,,,,,,,,,,,,,,,,,,,,,,,,27.7,,48.0,,,,
B27,2024-06-18 00:42:22,,6.0,7.0,,,9.0,9.0,,,48.0,59.0,62.0,62.0,62.0,,,,,,,,,,,,,,,,,,,,,,,,,,,,,,,,,,27.3,,49.0,,,,
B27,2024-06-18 00:57:22,,5.0,7.0,,,8.0,9.0,,,45.0,56.0,59.0,59.0,59.0,,,,,,,,,,,,,,,,,,,,,,,,,,,,,,,,,,26.9,,49.0,,,,
B27,2024-06-18 01:12:22,,6.0,8.0,,,9.0,10.0,,,47.0,59.0,62.0,63.0,63.0,,,,,,,,,,,,,,,,,,,,,,,,,,,,,,,,,,26.6,,50.0,,,,
B27,2024-06-18 01:27:22,,5.0,7.0,,,9.0,9.0,,,47.0,59.0,62.0,62.0,62.0,,,,,,,,,,,,,,,,,,,,,,,,,,,,,,,,,,26.1,,51.0,,,,
B27,2024-06-18 01:42:22,,6.0,8.0,,,9.0,10.0,,,49.0,61.0,64.0,65.0,65.0,,,,,,,,,,,,,,,,,,,,,,,,,,,,,,,,,,25.7,,52.0,,,,
B27,2024-06-18 01:57:22,,6.0,8.0,,,10.0,10.0,,,49.0,61.0,64.0,65.0,65.0,,,,,,,,,,,,,,,,,,,,,,,,,,,,,,,,,,25.2,,53.0,,,,
B27,2024-06-18 02:12:22,,6.0,8.0,,,10.0,11.0,,,50.0,63.0,67.0,67.0,67.0,,,,,,,,,,,,,,,,,,,,,,,,,,,,,,,,,,24.7,,55.0,,,,
B27,2024-06-18 02:27:22,,6.0,8.0,,,10.0,11.0,,,51.0,64.0,67.0,67.0,68.0,,,,,,,,,,,,,,,,,,,,,,,,,,,,,,,,,,24.2,,56.0,,,,
B27,2024-06-18 02:42:22,,5.0,7.0,,,9.0,9.0,,,48.0,60.0,62.0,63.0,63.0,,,,,,,,,,,,,,,,,,,,,,,,,,,,,,,,,,23.8,,57.0,,,,
B27,2024-06-18 02:57:22,,5.0,7.0,,,9.0,10.0,,,46.0,58.0,61.0,61.0,61.0,,,,,,,,,,,,,,,,,,,,,,,,,,,,,,,,,,23.4,,58.0,,,,
B27,2024-06-18 03:12:22,,5.0,8.0,,,9.0,10.0,,,46.0,59.0,62.0,62.0,63.0,,,,,,,,,,,,,,,,,,,,,,,,,,,,,,,,,,23.1,,59.0,,,,
B27,2024-06-18 03:27:22,,6.0,8.0,,,9.0,10.0,,,49.0,61.0,65.0,65.0,65.0,,,,,,,,,,,,,,,,,,,,,,,,,,,,,,,,,,22.8,,60.0,,,,
B27,2024-06-18 03:42:22,,5.0,8.0,,,9.0,10.0,,,47.0,59.0,62.0,63.0,63.0,,,,,,,,,,,,,,,,,,,,,,,,,,,,,,,,,,22.4,,61.0,,,,
B27,2024-06-18 03:57:22,,5.0,8.0,,,9.0,10.0,,,47.0,59.0,62.0,63.0,63.0,,,,,,,,,,,,,,,,,,,,,,,,,,,,,,,,,,22.1,,62.0,,,,
B27,2024-06-18 04:12:22,,5.0,8.0,,,9.0,10.0,,,47.0,60.0,63.0,64.0,64.0,,,,,,,,,,,,,,,,,,,,,,,,,,,,,,,,,,21.8,,63.0,,,,
B27,2024-06-18 04:27:22,,5.0,8.0,,,10.0,10.0,,,48.0,61.0,65.0,65.0,65.0,,,,,,,,,,,,,,,,,,,,,,,,,,,,,,,,,,21.6,,64.0,,,,
B27,2024-06-18 04:42:22,,5.0,8.0,,,9.0,10.0,,,49.0,61.0,65.0,65.0,65.0,,,,,,,,,,,,,,,,,,,,,,,,,,,,,,,,,,21.3,,64.0,,,,
B27,2024-06-18 04:57:22,,5.0,7.0,,,9.0,10.0,,,48.0,61.0,63.0,64.0,64.0,,,,,,,,,,,,,,,,,,,,,,,,,,,,,,,,,,21.2,,65.0,,,,
B27,2024-06-18 05:12:22,,5.0,8.0,,,9.0,10.0,,,50.0,62.0,65.0,66.0,66.0,,,,,,,,,,,,,,,,,,,,,,,,,,,,,,,,,,20.9,,65.0,,,,
B27,2024-06-18 05:27:22,,6.0,8.0,,,9.0,10.0,,,50.0,62.0,65.0,66.0,66.0,,,,,,,,,,,,,,,,,,,,,,,,,,,,,,,,,,20.7,,66.0,,,,
B27,2024-06-18 05:42:22,,6.0,8.0,,,9.0,10.0,,,51.0,63.0,66.0,67.0,67.0,,,,,,,,,,,,,,,,,,,,,,,,,,,,,,,,,,20.6,,67.0,,,,
B27,2024-06-18 05:57:22,,5.0,7.0,,,8.0,9.0,,,47.0,58.0,61.0,61.0,62.0,,,,,,,,,,,,,,,,,,,,,,,,,,,,,,,,,,20.5,,67.0,,,,
B27,2024-06-18 06:12:22,,5.0,8.0,,,9.0,10.0,,,45.0,58.0,61.0,62.0,62.0,,,,,,,,,,,,,,,,,,,,,,,,,,,,,,,,,,20.7,,67.0,,,,
B27,2024-06-18 06:27:22,,6.0,8.0,,,9.0,10.0,,,51.0,64.0,67.0,68.0,68.0,,,,,,,,,,,,,,,,,,,,,,,,,,,,,,,,,,20.7,,67.0,,,,
B27,2024-06-18 06:42:22,,6.0,8.0,,,10.0,11.0,,,52.0,65.0,68.0,69.0,69.0,,,,,,,,,,,,,,,,,,,,,,,,,,,,,,,,,,20.6,,68.0,,,,
B27,2024-06-18 06:57:22,,6.0,8.0,,,9.0,10.0,,,53.0,66.0,69.0,70.0,70.0,,,,,,,,,,,,,,,,,,,,,,,,,,,,,,,,,,20.6,,68.0,,,,
B27,2024-06-18 07:12:22,,6.0,8.0,,,9.0,10.0,,,54.0,66.0,69.0,70.0,70.0,,,,,,,,,,,,,,,,,,,,,,,,,,,,,,,,,,20.4,,68.0,,,,
B27,2024-06-18 07:27:22,,6.0,8.0,,,9.0,10.0,,,55.0,69.0,72.0,72.0,72.0,,,,,,,,,,,,,,,,,,,,,,,,,,,,,,,,,,20.3,,69.0,,,,
B27,2024-06-18 07:42:22,,6.0,8.0,,,9.0,10.0,,,55.0,68.0,71.0,72.0,72.0,,,,,,,,,,,,,,,,,,,,,,,,,,,,,,,,,,20.4,,69.0,,,,
B27,2024-06-18 07:57:22,,6.0,8.0,,,9.0,10.0,,,52.0,65.0,69.0,69.0,69.0,,,,,,,,,,,,,,,,,,,,,,,,,,,,,,,,,,20.6,,69.0,,,,
B27,2024-06-18 08:12:22,,6.0,8.0,,,10.0,11.0,,,50.0,63.0,67.0,68.0,68.0,,,,,,,,,,,,,,,,,,,,,,,,,,,,,,,,,,20.7,,68.0,,,,
B27,2024-06-18 08:27:22,,6.0,8.0,,,9.0,10.0,,,50.0,63.0,66.0,67.0,67.0,,,,,,,,,,,,,,,,,,,,,,,,,,,,,,,,,,20.8,,68.0,,,,
B27,2024-06-18 08:42:22,,6.0,8.0,,,9.0,10.0,,,50.0,62.0,65.0,66.0,66.0,,,,,,,,,,,,,,,,,,,,,,,,,,,,,,,,,,21.0,,68.0,,,,
B27,2024-06-18 08:57:22,,7.0,9.0,,,9.0,10.0,,,68.0,81.0,83.0,83.0,84.0,,,,,,,,,,,,,,,,,,,,,,,,,,,,,,,,,,21.1,,67.0,,,,
B27,2024-06-18 09:12:22,,7.0,9.0,,,9.0,10.0,,,68.0,81.0,83.0,84.0,84.0,,,,,,,,,,,,,,,,,,,,,,,,,,,,,,,,,,21.2,,67.0,,,,
B27,2024-06-18 09:27:22,,6.0,8.0,,,9.0,10.0,,,56.0,69.0,71.0,72.0,72.0,,,,,,,,,,,,,,,,,,,,,,,,,,,,,,,,,,21.2,,67.0,,,,
B27,2024-06-18 09:42:22,,6.0,8.0,,,9.0,10.0,,,50.0,62.0,66.0,66.0,66.0,,,,,,,,,,,,,,,,,,,,,,,,,,,,,,,,,,21.2,,66.0,,,,
B27,2024-06-18 09:57:22,,5.0,8.0,,,9.0,10.0,,,49.0,62.0,65.0,65.0,65.0,,,,,,,,,,,,,,,,,,,,,,,,,,,,,,,,,,21.1,,66.0,,,,
B27,2024-06-18 10:12:22,,6.0,8.0,,,9.0,10.0,,,52.0,65.0,67.0,68.0,68.0,,,,,,,,,,,,,,,,,,,,,,,,,,,,,,,,,,21.0,,66.0,,,,
B27,2024-06-18 10:27:22,,6.0,8.0,,,9.0,10.0,,,56.0,69.0,71.0,72.0,72.0,,,,,,,,,,,,,,,,,,,,,,,,,,,,,,,,,,20.9,,66.0,,,,
B27,2024-06-18 10:42:22,,7.0,8.0,,,9.0,10.0,,,67.0,81.0,83.0,83.0,83.0,,,,,,,,,,,,,,,,,,,,,,,,,,,,,,,,,,20.9,,67.0,,,,
B27,2024-06-18 10:57:22,,8.0,9.0,,,10.0,10.0,,,78.0,93.0,94.0,95.0,95.0,,,,,,,,,,,,,,,,,,,,,,,,,,,,,,,,,,20.8,,67.0,,,,
B27,2024-06-18 11:12:22,,9.0,10.0,,,11.0,11.0,,,91.0,108.0,109.0,109.0,109.0,,,,,,,,,,,,,,,,,,,,,,,,,,,,,,,,,,20.8,,67.0,,,,
B27,2024-06-18 11:27:22,,10.0,11.0,,,12.0,12.0,,,98.0,116.0,117.0,117.0,117.0,,,,,,,,,,,,,,,,,,,,,,,,,,,,,,,,,,20.8,,67.0,,,,
B27,2024-06-18 11:42:22,,9.0,10.0,,,11.0,11.0,,,95.0,111.0,112.0,112.0,112.0,,,,,,,,,,,,,,,,,,,,,,,,,,,,,,,,,,20.7,,67.0,,,,
B27,2024-06-18 11:57:22,,9.0,10.0,,,11.0,11.0,,,92.0,108.0,109.0,110.0,110.0,,,,,,,,,,,,,,,,,,,,,,,,,,,,,,,,,,20.7,,67.0,,,,
B27,2024-06-18 12:12:22,,9.0,10.0,,,11.0,11.0,,,96.0,112.0,112.0,113.0,113.0,,,,,,,,,,,,,,,,,,,,,,,,,,,,,,,,,,20.7,,67.0,,,,
B27,2024-06-18 12:27:22,,9.0,10.0,,,10.0,10.0,,,89.0,105.0,106.0,106.0,106.0,,,,,,,,,,,,,,,,,,,,,,,,,,,,,,,,,,20.7,,67.0,,,,
B27,2024-06-18 12:42:22,,8.0,9.0,,,10.0,10.0,,,81.0,95.0,96.0,97.0,97.0,,,,,,,,,,,,,,,,,,,,,,,,,,,,,,,,,,20.7,,67.0,,,,
B27,2024-06-18 12:57:22,,8.0,9.0,,,9.0,9.0,,,75.0,88.0,89.0,90.0,90.0,,,,,,,,,,,,,,,,,,,,,,,,,,,,,,,,,,20.6,,68.0,,,,
B27,2024-06-18 13:12:22,,7.0,8.0,,,9.0,9.0,,,69.0,82.0,84.0,84.0,84.0,,,,,,,,,,,,,,,,,,,,,,,,,,,,,,,,,,20.5,,68.0,,,,
B27,2024-06-18 13:27:22,,7.0,9.0,,,9.0,10.0,,,71.0,85.0,86.0,87.0,87.0,,,,,,,,,,,,,,,,,,,,,,,,,,,,,,,,,,20.5,,68.0,,,,
B27,2024-06-18 13:42:22,,7.0,8.0,,,9.0,9.0,,,70.0,83.0,84.0,85.0,85.0,,,,,,,,,,,,,,,,,,,,,,,,,,,,,,,,,,20.3,,68.0,,,,
B27,2024-06-18 13:57:22,,7.0,8.0,,,9.0,9.0,,,70.0,83.0,84.0,85.0,85.0,,,,,,,,,,,,,,,,,,,,,,,,,,,,,,,,,,20.3,,69.0,,,,
B27,2024-06-18 14:12:22,,7.0,8.0,,,8.0,8.0,,,67.0,80.0,81.0,81.0,81.0,,,,,,,,,,,,,,,,,,,,,,,,,,,,,,,,,,20.5,,68.0,,,,
B27,2024-06-18 14:27:22,,6.0,7.0,,,8.0,8.0,,,64.0,76.0,77.0,77.0,77.0,,,,,,,,,,,,,,,,,,,,,,,,,,,,,,,,,,20.8,,68.0,,,,
B27,2024-06-18 14:42:22,,7.0,7.0,,,8.0,8.0,,,66.0,77.0,78.0,78.0,79.0,,,,,,,,,,,,,,,,,,,,,,,,,,,,,,,,,,21.1,,67.0,,,,
B27,2024-06-18 14:57:22,,7.0,8.0,,,8.0,9.0,,,70.0,82.0,83.0,84.0,84.0,,,,,,,,,,,,,,,,,,,,,,,,,,,,,,,,,,21.3,,66.0,,,,
B27,2024-06-18 15:12:22,,7.0,8.0,,,9.0,9.0,,,69.0,81.0,83.0,83.0,83.0,,,,,,,,,,,,,,,,,,,,,,,,,,,,,,,,,,21.4,,65.0,,,,
B27,2024-06-18 15:27:22,,7.0,8.0,,,9.0,9.0,,,71.0,83.0,85.0,85.0,85.0,,,,,,,,,,,,,,,,,,,,,,,,,,,,,,,,,,21.6,,65.0,,,,
B27,2024-06-18 15:42:22,,7.0,8.0,,,9.0,9.0,,,72.0,85.0,86.0,86.0,86.0,,,,,,,,,,,,,,,,,,,,,,,,,,,,,,,,,,21.8,,64.0,,,,
B27,2024-06-18 15:57:22,,7.0,8.0,,,8.0,8.0,,,70.0,82.0,83.0,83.0,83.0,,,,,,,,,,,,,,,,,,,,,,,,,,,,,,,,,,22.1,,64.0,,,,
B27,2024-06-18 16:12:22,,7.0,8.0,,,8.0,8.0,,,72.0,83.0,84.0,84.0,84.0,,,,,,,,,,,,,,,,,,,,,,,,,,,,,,,,,,22.3,,63.0,,,,
B27,2024-06-18 16:27:22,,7.0,7.0,,,7.0,7.0,,,68.0,79.0,80.0,80.0,80.0,,,,,,,,,,,,,,,,,,,,,,,,,,,,,,,,,,22.6,,62.0,,,,
B27,2024-06-18 16:42:22,,7.0,7.0,,,7.0,7.0,,,66.0,77.0,77.0,77.0,77.0,,,,,,,,,,,,,,,,,,,,,,,,,,,,,,,,,,23.0,,61.0,,,,
B27,2024-06-18 16:57:22,,6.0,7.0,,,7.0,7.0,,,65.0,75.0,76.0,76.0,76.0,,,,,,,,,,,,,,,,,,,,,,,,,,,,,,,,,,23.3,,60.0,,,,
B27,2024-06-18 17:12:22,,6.0,7.0,,,7.0,7.0,,,64.0,74.0,75.0,75.0,75.0,,,,,,,,,,,,,,,,,,,,,,,,,,,,,,,,,,23.7,,59.0,,,,
B27,2024-06-18 17:27:22,,6.0,7.0,,,7.0,7.0,,,63.0,74.0,74.0,74.0,74.0,,,,,,,,,,,,,,,,,,,,,,,,,,,,,,,,,,24.3,,57.0,,,,
B27,2024-06-18 17:42:22,,6.0,7.0,,,7.0,7.0,,,61.0,71.0,71.0,71.0,71.0,,,,,,,,,,,,,,,,,,,,,,,,,,,,,,,,,,24.5,,56.0,,,,
B27,2024-06-18 17:57:22,,6.0,7.0,,,7.0,7.0,,,63.0,73.0,74.0,74.0,74.0,,,,,,,,,,,,,,,,,,,,,,,,,,,,,,,,,,25.1,,55.0,,,,
B27,2024-06-18 18:12:22,,7.0,7.0,,,7.0,8.0,,,64.0,75.0,76.0,76.0,76.0,,,,,,,,,,,,,,,,,,,,,,,,,,,,,,,,,,25.8,,53.0,,,,
B27,2024-06-18 18:27:22,,7.0,7.0,,,7.0,7.0,,,62.0,73.0,74.0,74.0,74.0,,,,,,,,,,,,,,,,,,,,,,,,,,,,,,,,,,27.5,,50.0,,,,
B27,2024-06-18 18:42:22,,7.0,7.0,,,7.0,7.0,,,60.0,70.0,70.0,70.0,70.0,,,,,,,,,,,,,,,,,,,,,,,,,,,,,,,,,,32.2,,41.0,,,,
B27,2024-06-18 18:57:22,,7.0,7.0,,,7.0,7.0,,,60.0,69.0,70.0,70.0,70.0,,,,,,,,,,,,,,,,,,,,,,,,,,,,,,,,,,33.4,,38.0,,,,
B27,2024-06-18 19:12:22,,7.0,7.0,,,7.0,8.0,,,61.0,71.0,72.0,72.0,72.0,,,,,,,,,,,,,,,,,,,,,,,,,,,,,,,,,,32.1,,39.0,,,,
B27,2024-06-18 19:27:22,,7.0,8.0,,,8.0,8.0,,,68.0,79.0,80.0,80.0,80.0,,,,,,,,,,,,,,,,,,,,,,,,,,,,,,,,,,30.7,,42.0,,,,
B27,2024-06-18 19:42:22,,7.0,8.0,,,8.0,8.0,,,68.0,80.0,80.0,80.0,80.0,,,,,,,,,,,,,,,,,,,,,,,,,,,,,,,,,,30.7,,42.0,,,,
B27,2024-06-18 19:57:22,,8.0,8.0,,,8.0,8.0,,,72.0,84.0,84.0,84.0,84.0,,,,,,,,,,,,,,,,,,,,,,,,,,,,,,,,,,30.4,,42.0,,,,
B27,2024-06-18 20:12:22,,8.0,8.0,,,8.0,9.0,,,73.0,84.0,85.0,85.0,85.0,,,,,,,,,,,,,,,,,,,,,,,,,,,,,,,,,,30.5,,42.0,,,,
B27,2024-06-18 20:27:22,,7.0,8.0,,,8.0,8.0,,,69.0,80.0,81.0,81.0,81.0,,,,,,,,,,,,,,,,,,,,,,,,,,,,,,,,,,30.6,,41.0,,,,
B27,2024-06-18 20:42:22,,7.0,8.0,,,8.0,8.0,,,66.0,77.0,77.0,77.0,77.0,,,,,,,,,,,,,,,,,,,,,,,,,,,,,,,,,,30.9,,41.0,,,,
B27,2024-06-18 20:57:22,,7.0,8.0,,,8.0,8.0,,,65.0,76.0,76.0,77.0,77.0,,,,,,,,,,,,,,,,,,,,,,,,,,,,,,,,,,31.0,,42.0,,,,
B27,2024-06-18 21:12:22,,7.0,7.0,,,8.0,8.0,,,63.0,74.0,74.0,74.0,74.0,,,,,,,,,,,,,,,,,,,,,,,,,,,,,,,,,,31.0,,42.0,,,,
B27,2024-06-18 21:27:22,,6.0,7.0,,,7.0,7.0,,,59.0,69.0,70.0,70.0,70.0,,,,,,,,,,,,,,,,,,,,,,,,,,,,,,,,,,31.1,,42.0,,,,
B27,2024-06-18 21:42:22,,6.0,7.0,,,7.0,7.0,,,58.0,68.0,69.0,69.0,69.0,,,,,,,,,,,,,,,,,,,,,,,,,,,,,,,,,,31.1,,42.0,,,,
B27,2024-06-18 21:57:22,,6.0,6.0,,,7.0,7.0,,,54.0,63.0,64.0,64.0,64.0,,,,,,,,,,,,,,,,,,,,,,,,,,,,,,,,,,30.9,,42.0,,,,
B27,2024-06-18 22:12:22,,6.0,6.0,,,7.0,7.0,,,52.0,61.0,62.0,62.0,62.0,,,,,,,,,,,,,,,,,,,,,,,,,,,,,,,,,,30.8,,42.0,,,,
B27,2024-06-18 22:27:22,,6.0,6.0,,,7.0,7.0,,,52.0,61.0,62.0,62.0,62.0,,,,,,,,,,,,,,,,,,,,,,,,,,,,,,,,,,30.5,,43.0,,,,
B27,2024-06-18 22:42:22,,6.0,7.0,,,7.0,7.0,,,53.0,62.0,63.0,64.0,64.0,,,,,,,,,,,,,,,,,,,,,,,,,,,,,,,,,,30.1,,43.0,,,,
B27,2024-06-18 22:57:22,,6.0,7.0,,,7.0,7.0,,,55.0,65.0,66.0,66.0,66.0,,,,,,,,,,,,,,,,,,,,,,,,,,,,,,,,,,29.8,,44.0,,,,
B27,2024-06-18 23:12:22,,6.0,7.0,,,7.0,7.0,,,56.0,65.0,66.0,66.0,66.0,,,,,,,,,,,,,,,,,,,,,,,,,,,,,,,,,,29.7,,44.0,,,,
B27,2024-06-18 23:27:22,,6.0,7.0,,,7.0,7.0,,,56.0,66.0,67.0,67.0,67.0,,,,,,,,,,,,,,,,,,,,,,,,,,,,,,,,,,29.5,,45.0,,,,
B27,2024-06-18 23:42:22,,6.0,7.0,,,7.0,7.0,,,55.0,65.0,66.0,66.0,66.0,,,,,,,,,,,,,,,,,,,,,,,,,,,,,,,,,,29.2,,46.0,,,,
B27,2024-06-18 23:57:22,,6.0,7.0,,,7.0,7.0,,,54.0,64.0,64.0,65.0,65.0,,,,,,,,,,,,,,,,,,,,,,,,,,,,,,,,,,29.0,,46.0,,,,
B27,2024-06-19 00:12:22,,6.0,7.0,,,7.0,7.0,,,53.0,63.0,64.0,64.0,64.0,,,,,,,,,,,,,,,,,,,,,,,,,,,,,,,,,,28.8,,46.0,,,,
B27,2024-06-19 00:27:22,,6.0,6.0,,,7.0,7.0,,,52.0,62.0,63.0,63.0,63.0,,,,,,,,,,,,,,,,,,,,,,,,,,,,,,,,,,28.6,,46.0,,,,
B27,2024-06-19 00:42:22,,6.0,6.0,,,7.0,7.0,,,52.0,62.0,62.0,63.0,63.0,,,,,,,,,,,,,,,,,,,,,,,,,,,,,,,,,,28.4,,47.0,,,,
B27,2024-06-19 00:57:22,,5.0,6.0,,,7.0,7.0,,,50.0,59.0,60.0,61.0,61.0,,,,,,,,,,,,,,,,,,,,,,,,,,,,,,,,,,28.2,,48.0,,,,
B27,2024-06-19 01:12:22,,5.0,6.0,,,7.0,7.0,,,48.0,58.0,59.0,59.0,59.0,,,,,,,,,,,,,,,,,,,,,,,,,,,,,,,,,,27.8,,49.0,,,,
B27,2024-06-19 01:27:22,,5.0,6.0,,,7.0,7.0,,,49.0,59.0,60.0,60.0,60.0,,,,,,,,,,,,,,,,,,,,,,,,,,,,,,,,,,27.2,,50.0,,,,
B27,2024-06-19 01:42:22,,5.0,7.0,,,7.0,8.0,,,49.0,59.0,61.0,61.0,61.0,,,,,,,,,,,,,,,,,,,,,,,,,,,,,,,,,,26.6,,52.0,,,,
B27,2024-06-19 01:57:22,,5.0,6.0,,,7.0,7.0,,,49.0,58.0,60.0,60.0,60.0,,,,,,,,,,,,,,,,,,,,,,,,,,,,,,,,,,25.9,,53.0,,,,
B27,2024-06-19 02:12:22,,5.0,6.0,,,7.0,7.0,,,49.0,58.0,60.0,60.0,60.0,,,,,,,,,,,,,,,,,,,,,,,,,,,,,,,,,,25.4,,54.0,,,,
B27,2024-06-19 02:27:22,,5.0,6.0,,,7.0,7.0,,,48.0,58.0,59.0,60.0,60.0,,,,,,,,,,,,,,,,,,,,,,,,,,,,,,,,,,24.8,,56.0,,,,
B27,2024-06-19 02:42:22,,5.0,6.0,,,7.0,8.0,,,48.0,58.0,60.0,60.0,60.0,,,,,,,,,,,,,,,,,,,,,,,,,,,,,,,,,,24.2,,57.0,,,,
B27,2024-06-19 02:57:22,,5.0,6.0,,,7.0,8.0,,,49.0,59.0,60.0,61.0,61.0,,,,,,,,,,,,,,,,,,,,,,,,,,,,,,,,,,23.7,,58.0,,,,
B27,2024-06-19 03:12:22,,5.0,6.0,,,7.0,7.0,,,47.0,57.0,58.0,59.0,59.0,,,,,,,,,,,,,,,,,,,,,,,,,,,,,,,,,,23.1,,60.0,,,,
B27,2024-06-19 03:27:22,,5.0,6.0,,,7.0,7.0,,,50.0,60.0,61.0,62.0,62.0,,,,,,,,,,,,,,,,,,,,,,,,,,,,,,,,,,22.7,,61.0,,,,
B27,2024-06-19 03:42:22,,5.0,6.0,,,7.0,8.0,,,49.0,59.0,61.0,61.0,61.0,,,,,,,,,,,,,,,,,,,,,,,,,,,,,,,,,,22.3,,62.0,,,,
B27,2024-06-19 03:57:22,,5.0,7.0,,,8.0,8.0,,,51.0,62.0,64.0,64.0,64.0,,,,,,,,,,,,,,,,,,,,,,,,,,,,,,,,,,22.0,,64.0,,,,
B27,2024-06-19 04:12:22,,5.0,7.0,,,8.0,8.0,,,51.0,62.0,63.0,64.0,64.0,,,,,,,,,,,,,,,,,,,,,,,,,,,,,,,,,,21.7,,64.0,,,,
B27,2024-06-19 04:27:22,,6.0,7.0,,,7.0,8.0,,,53.0,64.0,66.0,66.0,66.0,,,,,,,,,,,,,,,,,,,,,,,,,,,,,,,,,,21.5,,65.0,,,,
B27,2024-06-19 04:42:22,,6.0,7.0,,,8.0,8.0,,,54.0,65.0,67.0,67.0,67.0,,,,,,,,,,,,,,,,,,,,,,,,,,,,,,,,,,21.2,,66.0,,,,
B27,2024-06-19 04:57:22,,6.0,7.0,,,7.0,8.0,,,55.0,66.0,67.0,67.0,68.0,,,,,,,,,,,,,,,,,,,,,,,,,,,,,,,,,,21.1,,66.0,,,,
B27,2024-06-19 05:12:22,,6.0,7.0,,,7.0,8.0,,,56.0,67.0,68.0,68.0,68.0,,,,,,,,,,,,,,,,,,,,,,,,,,,,,,,,,,20.9,,67.0,,,,
B27,2024-06-19 05:27:22,,6.0,7.0,,,7.0,8.0,,,56.0,66.0,68.0,68.0,68.0,,,,,,,,,,,,,,,,,,,,,,,,,,,,,,,,,,20.8,,67.0,,,,
B27,2024-06-19 05:42:22,,6.0,7.0,,,7.0,7.0,,,57.0,67.0,68.0,69.0,69.0,,,,,,,,,,,,,,,,,,,,,,,,,,,,,,,,,,20.7,,67.0,,,,
B27,2024-06-19 05:57:22,,6.0,7.0,,,7.0,7.0,,,57.0,67.0,68.0,68.0,68.0,,,,,,,,,,,,,,,,,,,,,,,,,,,,,,,,,,20.6,,67.0,,,,
B27,2024-06-19 06:12:22,,6.0,7.0,,,7.0,8.0,,,58.0,69.0,70.0,70.0,70.0,,,,,,,,,,,,,,,,,,,,,,,,,,,,,,,,,,20.6,,68.0,,,,
B27,2024-06-19 06:27:22,,6.0,7.0,,,7.0,7.0,,,59.0,70.0,71.0,71.0,71.0,,,,,,,,,,,,,,,,,,,,,,,,,,,,,,,,,,20.5,,68.0,,,,
B27,2024-06-19 06:42:22,,6.0,7.0,,,8.0,8.0,,,62.0,73.0,75.0,75.0,75.0,,,,,,,,,,,,,,,,,,,,,,,,,,,,,,,,,,20.4,,69.0,,,,
B27,2024-06-19 06:57:22,,6.0,7.0,,,8.0,8.0,,,62.0,74.0,75.0,75.0,75.0,,,,,,,,,,,,,,,,,,,,,,,,,,,,,,,,,,20.7,,69.0,,,,
B27,2024-06-19 07:12:22,,7.0,8.0,,,9.0,9.0,,,71.0,84.0,85.0,85.0,85.0,,,,,,,,,,,,,,,,,,,,,,,,,,,,,,,,,,21.0,,68.0,,,,
B27,2024-06-19 07:27:22,,7.0,8.0,,,8.0,8.0,,,69.0,82.0,82.0,83.0,83.0,,,,,,,,,,,,,,,,,,,,,,,,,,,,,,,,,,21.2,,67.0,,,,
B27,2024-06-19 07:42:22,,7.0,8.0,,,9.0,9.0,,,75.0,88.0,89.0,89.0,89.0,,,,,,,,,,,,,,,,,,,,,,,,,,,,,,,,,,21.3,,66.0,,,,
B27,2024-06-19 07:57:22,,8.0,9.0,,,9.0,9.0,,,83.0,97.0,98.0,98.0,98.0,,,,,,,,,,,,,,,,,,,,,,,,,,,,,,,,,,21.4,,66.0,,,,
B27,2024-06-19 08:12:22,,9.0,10.0,,,10.0,10.0,,,89.0,104.0,104.0,104.0,104.0,,,,,,,,,,,,,,,,,,,,,,,,,,,,,,,,,,21.4,,67.0,,,,
B27,2024-06-19 08:27:22,,8.0,9.0,,,9.0,9.0,,,85.0,99.0,99.0,100.0,100.0,,,,,,,,,,,,,,,,,,,,,,,,,,,,,,,,,,21.4,,67.0,,,,
B27,2024-06-19 08:42:22,,8.0,9.0,,,9.0,9.0,,,82.0,96.0,97.0,97.0,97.0,,,,,,,,,,,,,,,,,,,,,,,,,,,,,,,,,,21.5,,67.0,,,,
B27,2024-06-19 08:57:22,,8.0,9.0,,,9.0,9.0,,,81.0,94.0,95.0,95.0,95.0,,,,,,,,,,,,,,,,,,,,,,,,,,,,,,,,,,21.5,,67.0,,,,
B27,2024-06-19 09:12:22,,8.0,9.0,,,9.0,9.0,,,84.0,98.0,99.0,99.0,99.0,,,,,,,,,,,,,,,,,,,,,,,,,,,,,,,,,,21.4,,67.0,,,,
B27,2024-06-19 09:27:22,,8.0,9.0,,,9.0,10.0,,,85.0,100.0,100.0,100.0,100.0,,,,,,,,,,,,,,,,,,,,,,,,,,,,,,,,,,21.2,,67.0,,,,
B27,2024-06-19 09:42:22,,8.0,9.0,,,9.0,9.0,,,85.0,98.0,99.0,99.0,99.0,,,,,,,,,,,,,,,,,,,,,,,,,,,,,,,,,,21.3,,67.0,,,,
B27,2024-06-19 09:57:22,,8.0,9.0,,,9.0,9.0,,,77.0,91.0,91.0,92.0,92.0,,,,,,,,,,,,,,,,,,,,,,,,,,,,,,,,,,21.3,,67.0,,,,
B27,2024-06-19 10:12:22,,7.0,8.0,,,9.0,9.0,,,74.0,87.0,88.0,88.0,88.0,,,,,,,,,,,,,,,,,,,,,,,,,,,,,,,,,,21.4,,67.0,,,,
B27,2024-06-19 10:27:22,,7.0,8.0,,,8.0,9.0,,,72.0,84.0,85.0,85.0,85.0,,,,,,,,,,,,,,,,,,,,,,,,,,,,,,,,,,21.6,,66.0,,,,
B27,2024-06-19 10:42:22,,7.0,8.0,,,8.0,8.0,,,67.0,79.0,80.0,80.0,80.0,,,,,,,,,,,,,,,,,,,,,,,,,,,,,,,,,,21.7,,66.0,,,,
B27,2024-06-19 10:57:22,,6.0,7.0,,,7.0,7.0,,,58.0,69.0,70.0,70.0,70.0,,,,,,,,,,,,,,,,,,,,,,,,,,,,,,,,,,21.6,,65.0,,,,
B27,2024-06-19 11:12:22,,6.0,7.0,,,7.0,7.0,,,57.0,67.0,69.0,69.0,69.0,,,,,,,,,,,,,,,,,,,,,,,,,,,,,,,,,,21.5,,65.0,,,,
B27,2024-06-19 11:27:22,,5.0,6.0,,,6.0,7.0,,,46.0,55.0,57.0,57.0,57.0,,,,,,,,,,,,,,,,,,,,,,,,,,,,,,,,,,21.5,,66.0,,,,
B27,2024-06-19 11:42:22,,5.0,6.0,,,6.0,7.0,,,44.0,53.0,55.0,55.0,55.0,,,,,,,,,,,,,,,,,,,,,,,,,,,,,,,,,,21.6,,65.0,,,,
B27,2024-06-19 11:57:22,,5.0,6.0,,,7.0,7.0,,,50.0,60.0,61.0,61.0,61.0,,,,,,,,,,,,,,,,,,,,,,,,,,,,,,,,,,21.6,,65.0,,,,
B27,2024-06-19 12:12:22,,6.0,7.0,,,7.0,7.0,,,57.0,67.0,68.0,69.0,69.0,,,,,,,,,,,,,,,,,,,,,,,,,,,,,,,,,,21.6,,66.0,,,,
B27,2024-06-19 12:27:22,,6.0,7.0,,,8.0,8.0,,,63.0,74.0,75.0,75.0,75.0,,,,,,,,,,,,,,,,,,,,,,,,,,,,,,,,,,21.6,,65.0,,,,
B27,2024-06-19 12:42:22,,5.0,6.0,,,7.0,7.0,,,50.0,60.0,61.0,62.0,62.0,,,,,,,,,,,,,,,,,,,,,,,,,,,,,,,,,,21.6,,65.0,,,,
B27,2024-06-19 12:57:22,,5.0,6.0,,,6.0,7.0,,,49.0,59.0,60.0,60.0,60.0,,,,,,,,,,,,,,,,,,,,,,,,,,,,,,,,,,21.5,,65.0,,,,
B27,2024-06-19 13:12:22,,5.0,6.0,,,7.0,7.0,,,51.0,61.0,63.0,63.0,63.0,,,,,,,,,,,,,,,,,,,,,,,,,,,,,,,,,,21.6,,65.0,,,,
B27,2024-06-19 13:27:22,,6.0,7.0,,,7.0,8.0,,,53.0,64.0,65.0,65.0,66.0,,,,,,,,,,,,,,,,,,,,,,,,,,,,,,,,,,21.7,,65.0,,,,
B27,2024-06-19 13:42:22,,6.0,7.0,,,8.0,8.0,,,61.0,72.0,73.0,73.0,73.0,,,,,,,,,,,,,,,,,,,,,,,,,,,,,,,,,,21.8,,65.0,,,,
B27,2024-06-19 13:57:22,,6.0,7.0,,,8.0,8.0,,,62.0,74.0,74.0,75.0,75.0,,,,,,,,,,,,,,,,,,,,,,,,,,,,,,,,,,21.9,,64.0,,,,
B27,2024-06-19 14:12:22,,6.0,7.0,,,7.0,7.0,,,57.0,67.0,68.0,69.0,69.0,,,,,,,,,,,,,,,,,,,,,,,,,,,,,,,,,,22.1,,64.0,,,,
B27,2024-06-19 14:27:22,,6.0,7.0,,,7.0,8.0,,,57.0,67.0,68.0,68.0,69.0,,,,,,,,,,,,,,,,,,,,,,,,,,,,,,,,,,22.4,,63.0,,,,
B27,2024-06-19 14:42:22,,6.0,7.0,,,8.0,8.0,,,60.0,71.0,73.0,73.0,73.0,,,,,,,,,,,,,,,,,,,,,,,,,,,,,,,,,,22.7,,62.0,,,,
B27,2024-06-19 14:57:22,,6.0,7.0,,,8.0,8.0,,,60.0,71.0,72.0,72.0,72.0,,,,,,,,,,,,,,,,,,,,,,,,,,,,,,,,,,22.9,,61.0,,,,
B27,2024-06-19 15:12:22,,7.0,8.0,,,8.0,8.0,,,69.0,81.0,81.0,82.0,82.0,,,,,,,,,,,,,,,,,,,,,,,,,,,,,,,,,,23.3,,61.0,,,,
B27,2024-06-19 15:27:22,,7.0,8.0,,,8.0,8.0,,,72.0,84.0,85.0,85.0,85.0,,,,,,,,,,,,,,,,,,,,,,,,,,,,,,,,,,23.8,,59.0,,,,
B27,2024-06-19 15:42:22,,7.0,8.0,,,8.0,8.0,,,70.0,82.0,83.0,83.0,83.0,,,,,,,,,,,,,,,,,,,,,,,,,,,,,,,,,,24.5,,58.0,,,,
B27,2024-06-19 15:57:22,,7.0,8.0,,,8.0,8.0,,,70.0,81.0,82.0,82.0,82.0,,,,,,,,,,,,,,,,,,,,,,,,,,,,,,,,,,25.5,,55.0,,,,
B27,2024-06-19 16:12:22,,7.0,8.0,,,8.0,8.0,,,71.0,83.0,83.0,83.0,83.0,,,,,,,,,,,,,,,,,,,,,,,,,,,,,,,,,,27.6,,51.0,,,,
B27,2024-06-19 16:27:22,,7.0,8.0,,,8.0,8.0,,,63.0,74.0,75.0,75.0,75.0,,,,,,,,,,,,,,,,,,,,,,,,,,,,,,,,,,32.8,,41.0,,,,
B27,2024-06-19 16:42:22,,7.0,7.0,,,7.0,7.0,,,57.0,67.0,68.0,68.0,68.0,,,,,,,,,,,,,,,,,,,,,,,,,,,,,,,,,,37.2,,34.0,,,,
B27,2024-06-19 16:57:22,,6.0,7.0,,,7.0,7.0,,,57.0,66.0,66.0,66.0,66.0,,,,,,,,,,,,,,,,,,,,,,,,,,,,,,,,,,39.3,,31.0,,,,
B27,2024-06-19 17:12:22,,6.0,7.0,,,7.0,7.0,,,55.0,64.0,65.0,65.0,65.0,,,,,,,,,,,,,,,,,,,,,,,,,,,,,,,,,,40.0,,30.0,,,,
B27,2024-06-19 17:27:22,,6.0,7.0,,,7.0,7.0,,,53.0,61.0,62.0,62.0,62.0,,,,,,,,,,,,,,,,,,,,,,,,,,,,,,,,,,41.2,,29.0,,,,
B27,2024-06-19 17:42:22,,6.0,7.0,,,7.0,7.0,,,52.0,61.0,62.0,62.0,62.0,,,,,,,,,,,,,,,,,,,,,,,,,,,,,,,,,,41.7,,28.0,,,,
B27,2024-06-19 17:57:22,,6.0,7.0,,,7.0,8.0,,,54.0,64.0,64.0,64.0,64.0,,,,,,,,,,,,,,,,,,,,,,,,,,,,,,,,,,42.0,,27.0,,,,
B27,2024-06-19 18:12:22,,6.0,7.0,,,7.0,7.0,,,55.0,64.0,65.0,65.0,65.0,,,,,,,,,,,,,,,,,,,,,,,,,,,,,,,,,,42.0,,27.0,,,,
B27,2024-06-19 18:27:22,,7.0,7.0,,,8.0,8.0,,,57.0,66.0,67.0,67.0,67.0,,,,,,,,,,,,,,,,,,,,,,,,,,,,,,,,,,41.9,,27.0,,,,
B27,2024-06-19 18:42:22,,7.0,8.0,,,8.0,8.0,,,60.0,70.0,70.0,70.0,70.0,,,,,,,,,,,,,,,,,,,,,,,,,,,,,,,,,,41.2,,27.0,,,,
B27,2024-06-19 18:57:22,,7.0,8.0,,,9.0,9.0,,,64.0,75.0,76.0,76.0,76.0,,,,,,,,,,,,,,,,,,,,,,,,,,,,,,,,,,38.7,,30.0,,,,
B27,2024-06-19 19:12:22,,8.0,8.0,,,8.0,8.0,,,70.0,81.0,81.0,81.0,81.0,,,,,,,,,,,,,,,,,,,,,,,,,,,,,,,,,,35.2,,34.0,,,,
B27,2024-06-19 19:27:22,,8.0,9.0,,,9.0,9.0,,,75.0,87.0,88.0,88.0,88.0,,,,,,,,,,,,,,,,,,,,,,,,,,,,,,,,,,33.7,,37.0,,,,
B27,2024-06-19 19:42:22,,8.0,9.0,,,9.0,9.0,,,75.0,87.0,88.0,88.0,88.0,,,,,,,,,,,,,,,,,,,,,,,,,,,,,,,,,,33.0,,38.0,,,,
B27,2024-06-19 19:57:22,,8.0,9.0,,,9.0,9.0,,,79.0,91.0,92.0,92.0,92.0,,,,,,,,,,,,,,,,,,,,,,,,,,,,,,,,,,32.4,,39.0,,,,
B27,2024-06-19 20:12:22,,9.0,9.0,,,9.0,9.0,,,83.0,96.0,96.0,96.0,96.0,,,,,,,,,,,,,,,,,,,,,,,,,,,,,,,,,,32.2,,40.0,,,,
B27,2024-06-19 20:27:22,,9.0,9.0,,,9.0,9.0,,,83.0,96.0,96.0,96.0,96.0,,,,,,,,,,,,,,,,,,,,,,,,,,,,,,,,,,32.0,,40.0,,,,
B27,2024-06-19 20:42:22,,9.0,9.0,,,9.0,9.0,,,82.0,95.0,95.0,95.0,95.0,,,,,,,,,,,,,,,,,,,,,,,,,,,,,,,,,,31.8,,41.0,,,,
B27,2024-06-19 20:57:22,,8.0,9.0,,,9.0,9.0,,,77.0,89.0,90.0,90.0,90.0,,,,,,,,,,,,,,,,,,,,,,,,,,,,,,,,,,31.6,,41.0,,,,
B27,2024-06-19 21:12:22,,8.0,9.0,,,9.0,9.0,,,77.0,89.0,89.0,89.0,89.0,,,,,,,,,,,,,,,,,,,,,,,,,,,,,,,,,,31.5,,42.0,,,,
B27,2024-06-19 21:27:22,,8.0,9.0,,,9.0,9.0,,,77.0,89.0,89.0,89.0,90.0,,,,,,,,,,,,,,,,,,,,,,,,,,,,,,,,,,31.1,,42.0,,,,
B27,2024-06-19 21:42:22,,8.0,8.0,,,8.0,8.0,,,71.0,82.0,82.0,82.0,82.0,,,,,,,,,,,,,,,,,,,,,,,,,,,,,,,,,,31.0,,42.0,,,,
B27,2024-06-19 21:57:22,,7.0,8.0,,,8.0,8.0,,,69.0,80.0,81.0,81.0,81.0,,,,,,,,,,,,,,,,,,,,,,,,,,,,,,,,,,30.9,,42.0,,,,
B27,2024-06-19 22:12:22,,7.0,8.0,,,8.0,8.0,,,69.0,79.0,80.0,80.0,80.0,,,,,,,,,,,,,,,,,,,,,,,,,,,,,,,,,,30.9,,42.0,,,,
B27,2024-06-19 22:27:22,,7.0,8.0,,,8.0,8.0,,,68.0,79.0,79.0,79.0,79.0,,,,,,,,,,,,,,,,,,,,,,,,,,,,,,,,,,30.8,,43.0,,,,
B27,2024-06-19 22:42:22,,7.0,7.0,,,7.0,7.0,,,65.0,76.0,76.0,76.0,76.0,,,,,,,,,,,,,,,,,,,,,,,,,,,,,,,,,,30.6,,43.0,,,,
B27,2024-06-19 22:57:22,,7.0,7.0,,,7.0,7.0,,,65.0,76.0,76.0,76.0,76.0,,,,,,,,,,,,,,,,,,,,,,,,,,,,,,,,,,30.4,,43.0,,,,
B27,2024-06-19 23:12:22,,7.0,7.0,,,7.0,7.0,,,67.0,78.0,78.0,78.0,78.0,,,,,,,,,,,,,,,,,,,,,,,,,,,,,,,,,,30.2,,44.0,,,,
B27,2024-06-19 23:27:22,,7.0,8.0,,,8.0,8.0,,,69.0,80.0,80.0,80.0,80.0,,,,,,,,,,,,,,,,,,,,,,,,,,,,,,,,,,29.9,,44.0,,,,
B27,2024-06-19 23:42:22,,7.0,8.0,,,8.0,8.0,,,68.0,79.0,79.0,79.0,79.0,,,,,,,,,,,,,,,,,,,,,,,,,,,,,,,,,,29.4,,45.0,,,,
B27,2024-06-19 23:57:22,,7.0,7.0,,,7.0,7.0,,,66.0,77.0,77.0,77.0,77.0,,,,,,,,,,,,,,,,,,,,,,,,,,,,,,,,,,29.2,,46.0,,,,
B27,2024-06-20 00:12:22,,7.0,8.0,,,8.0,8.0,,,68.0,79.0,79.0,79.0,79.0,,,,,,,,,,,,,,,,,,,,,,,,,,,,,,,,,,28.9,,46.0,,,,
B27,2024-06-20 00:27:22,,7.0,8.0,,,8.0,8.0,,,70.0,81.0,81.0,81.0,81.0,,,,,,,,,,,,,,,,,,,,,,,,,,,,,,,,,,28.6,,47.0,,,,
B27,2024-06-20 00:42:22,,7.0,8.0,,,8.0,8.0,,,69.0,80.0,80.0,80.0,80.0,,,,,,,,,,,,,,,,,,,,,,,,,,,,,,,,,,28.3,,47.0,,,,
B27,2024-06-20 00:57:22,,7.0,7.0,,,7.0,7.0,,,67.0,78.0,78.0,78.0,78.0,,,,,,,,,,,,,,,,,,,,,,,,,,,,,,,,,,27.9,,48.0,,,,
B27,2024-06-20 01:12:22,,7.0,7.0,,,7.0,7.0,,,64.0,75.0,75.0,75.0,75.0,,,,,,,,,,,,,,,,,,,,,,,,,,,,,,,,,,27.5,,49.0,,,,
B27,2024-06-20 01:27:22,,7.0,7.0,,,7.0,7.0,,,66.0,76.0,77.0,77.0,77.0,,,,,,,,,,,,,,,,,,,,,,,,,,,,,,,,,,27.0,,50.0,,,,
B27,2024-06-20 01:42:22,,7.0,7.0,,,7.0,7.0,,,66.0,76.0,76.0,76.0,76.0,,,,,,,,,,,,,,,,,,,,,,,,,,,,,,,,,,26.4,,51.0,,,,
B27,2024-06-20 01:57:22,,7.0,7.0,,,7.0,7.0,,,66.0,76.0,77.0,77.0,77.0,,,,,,,,,,,,,,,,,,,,,,,,,,,,,,,,,,25.9,,52.0,,,,
B27,2024-06-20 02:12:22,,7.0,7.0,,,7.0,7.0,,,67.0,78.0,78.0,78.0,78.0,,,,,,,,,,,,,,,,,,,,,,,,,,,,,,,,,,25.2,,55.0,,,,
B27,2024-06-20 02:27:22,,7.0,7.0,,,7.0,7.0,,,65.0,76.0,76.0,76.0,76.0,,,,,,,,,,,,,,,,,,,,,,,,,,,,,,,,,,24.5,,57.0,,,,
B27,2024-06-20 02:42:22,,6.0,7.0,,,7.0,7.0,,,62.0,72.0,72.0,72.0,72.0,,,,,,,,,,,,,,,,,,,,,,,,,,,,,,,,,,23.9,,58.0,,,,
B27,2024-06-20 02:57:22,,6.0,7.0,,,7.0,7.0,,,62.0,72.0,72.0,72.0,72.0,,,,,,,,,,,,,,,,,,,,,,,,,,,,,,,,,,23.4,,59.0,,,,
B27,2024-06-20 03:12:22,,6.0,6.0,,,6.0,6.0,,,55.0,64.0,65.0,65.0,65.0,,,,,,,,,,,,,,,,,,,,,,,,,,,,,,,,,,22.9,,60.0,,,,
B27,2024-06-20 03:27:22,,5.0,6.0,,,6.0,6.0,,,54.0,63.0,64.0,64.0,64.0,,,,,,,,,,,,,,,,,,,,,,,,,,,,,,,,,,22.5,,61.0,,,,
B27,2024-06-20 03:42:22,,6.0,6.0,,,6.0,7.0,,,57.0,67.0,68.0,68.0,68.0,,,,,,,,,,,,,,,,,,,,,,,,,,,,,,,,,,22.2,,62.0,,,,
B27,2024-06-20 03:57:22,,6.0,6.0,,,7.0,7.0,,,55.0,65.0,66.0,66.0,66.0,,,,,,,,,,,,,,,,,,,,,,,,,,,,,,,,,,21.9,,63.0,,,,
B27,2024-06-20 04:12:22,,5.0,6.0,,,6.0,7.0,,,52.0,62.0,63.0,63.0,63.0,,,,,,,,,,,,,,,,,,,,,,,,,,,,,,,,,,21.6,,64.0,,,,
B27,2024-06-20 04:27:22,,5.0,6.0,,,7.0,7.0,,,53.0,63.0,64.0,64.0,64.0,,,,,,,,,,,,,,,,,,,,,,,,,,,,,,,,,,21.4,,64.0,,,,
B27,2024-06-20 04:42:22,,5.0,6.0,,,7.0,7.0,,,50.0,60.0,61.0,62.0,62.0,,,,,,,,,,,,,,,,,,,,,,,,,,,,,,,,,,21.1,,65.0,,,,
B27,2024-06-20 04:57:22,,5.0,6.0,,,7.0,7.0,,,48.0,57.0,59.0,59.0,59.0,,,,,,,,,,,,,,,,,,,,,,,,,,,,,,,,,,20.8,,66.0,,,,
B27,2024-06-20 05:12:22,,5.0,6.0,,,7.0,7.0,,,47.0,57.0,59.0,59.0,59.0,,,,,,,,,,,,,,,,,,,,,,,,,,,,,,,,,,20.6,,66.0,,,,
B27,2024-06-20 05:27:22,,5.0,6.0,,,7.0,7.0,,,47.0,56.0,58.0,58.0,58.0,,,,,,,,,,,,,,,,,,,,,,,,,,,,,,,,,,20.5,,67.0,,,,
B27,2024-06-20 05:42:22,,5.0,6.0,,,7.0,7.0,,,48.0,58.0,59.0,59.0,59.0,,,,,,,,,,,,,,,,,,,,,,,,,,,,,,,,,,20.4,,67.0,,,,
B27,2024-06-20 05:57:22,,5.0,6.0,,,7.0,7.0,,,48.0,57.0,59.0,59.0,59.0,,,,,,,,,,,,,,,,,,,,,,,,,,,,,,,,,,20.3,,68.0,,,,
B27,2024-06-20 06:12:22,,5.0,6.0,,,7.0,7.0,,,48.0,57.0,59.0,59.0,59.0,,,,,,,,,,,,,,,,,,,,,,,,,,,,,,,,,,20.1,,68.0,,,,
B27,2024-06-20 06:27:22,,5.0,6.0,,,7.0,7.0,,,50.0,60.0,61.0,61.0,61.0,,,,,,,,,,,,,,,,,,,,,,,,,,,,,,,,,,20.0,,68.0,,,,
B27,2024-06-20 06:42:22,,5.0,6.0,,,7.0,7.0,,,49.0,59.0,60.0,60.0,60.0,,,,,,,,,,,,,,,,,,,,,,,,,,,,,,,,,,19.9,,69.0,,,,
B27,2024-06-20 06:57:22,,5.0,6.0,,,7.0,7.0,,,49.0,59.0,60.0,60.0,61.0,,,,,,,,,,,,,,,,,,,,,,,,,,,,,,,,,,19.8,,69.0,,,,
B27,2024-06-20 07:12:22,,5.0,6.0,,,7.0,7.0,,,52.0,62.0,63.0,64.0,64.0,,,,,,,,,,,,,,,,,,,,,,,,,,,,,,,,,,19.7,,69.0,,,,
B27,2024-06-20 07:27:22,,5.0,6.0,,,6.0,7.0,,,50.0,60.0,61.0,61.0,61.0,,,,,,,,,,,,,,,,,,,,,,,,,,,,,,,,,,19.5,,69.0,,,,
B27,2024-06-20 07:42:22,,5.0,6.0,,,6.0,7.0,,,52.0,61.0,62.0,62.0,62.0,,,,,,,,,,,,,,,,,,,,,,,,,,,,,,,,,,19.4,,69.0,,,,
B27,2024-06-20 07:57:22,,5.0,6.0,,,6.0,7.0,,,52.0,62.0,63.0,63.0,63.0,,,,,,,,,,,,,,,,,,,,,,,,,,,,,,,,,,19.3,,70.0,,,,
B27,2024-06-20 08:12:22,,5.0,6.0,,,6.0,6.0,,,51.0,61.0,61.0,62.0,62.0,,,,,,,,,,,,,,,,,,,,,,,,,,,,,,,,,,19.2,,70.0,,,,
B27,2024-06-20 08:27:22,,5.0,6.0,,,6.0,7.0,,,53.0,62.0,63.0,63.0,64.0,,,,,,,,,,,,,,,,,,,,,,,,,,,,,,,,,,19.2,,70.0,,,,
B27,2024-06-20 08:42:22,,5.0,6.0,,,6.0,7.0,,,52.0,61.0,62.0,62.0,62.0,,,,,,,,,,,,,,,,,,,,,,,,,,,,,,,,,,19.2,,70.0,,,,
B27,2024-06-20 08:57:22,,5.0,6.0,,,6.0,7.0,,,51.0,60.0,61.0,61.0,61.0,,,,,,,,,,,,,,,,,,,,,,,,,,,,,,,,,,19.1,,70.0,,,,
B27,2024-06-20 09:12:22,,5.0,6.0,,,6.0,7.0,,,51.0,60.0,61.0,61.0,61.0,,,,,,,,,,,,,,,,,,,,,,,,,,,,,,,,,,18.9,,70.0,,,,
B27,2024-06-20 09:27:22,,5.0,6.0,,,6.0,6.0,,,48.0,57.0,58.0,58.0,58.0,,,,,,,,,,,,,,,,,,,,,,,,,,,,,,,,,,18.9,,70.0,,,,
B27,2024-06-20 09:42:22,,5.0,6.0,,,6.0,6.0,,,49.0,58.0,59.0,59.0,59.0,,,,,,,,,,,,,,,,,,,,,,,,,,,,,,,,,,18.7,,71.0,,,,
B27,2024-06-20 09:57:22,,5.0,6.0,,,6.0,6.0,,,53.0,62.0,63.0,63.0,63.0,,,,,,,,,,,,,,,,,,,,,,,,,,,,,,,,,,18.6,,71.0,,,,
B27,2024-06-20 10:12:22,,5.0,6.0,,,6.0,6.0,,,57.0,66.0,67.0,67.0,67.0,,,,,,,,,,,,,,,,,,,,,,,,,,,,,,,,,,18.5,,71.0,,,,
B27,2024-06-20 10:27:22,,6.0,6.0,,,6.0,6.0,,,59.0,69.0,70.0,70.0,70.0,,,,,,,,,,,,,,,,,,,,,,,,,,,,,,,,,,18.4,,71.0,,,,
B27,2024-06-20 10:42:22,,6.0,6.0,,,7.0,7.0,,,58.0,68.0,69.0,69.0,69.0,,,,,,,,,,,,,,,,,,,,,,,,,,,,,,,,,,18.3,,71.0,,,,
B27,2024-06-20 10:57:22,,5.0,6.0,,,6.0,6.0,,,56.0,66.0,66.0,66.0,66.0,,,,,,,,,,,,,,,,,,,,,,,,,,,,,,,,,,18.2,,71.0,,,,
B27,2024-06-20 11:12:22,,6.0,6.0,,,6.0,6.0,,,58.0,68.0,68.0,69.0,69.0,,,,,,,,,,,,,,,,,,,,,,,,,,,,,,,,,,18.1,,72.0,,,,
B27,2024-06-20 11:27:22,,6.0,6.0,,,7.0,7.0,,,59.0,69.0,70.0,70.0,70.0,,,,,,,,,,,,,,,,,,,,,,,,,,,,,,,,,,18.0,,72.0,,,,
B27,2024-06-20 11:42:22,,6.0,6.0,,,6.0,7.0,,,59.0,69.0,70.0,70.0,70.0,,,,,,,,,,,,,,,,,,,,,,,,,,,,,,,,,,17.9,,72.0,,,,
B27,2024-06-20 11:57:22,,6.0,7.0,,,7.0,7.0,,,62.0,72.0,73.0,73.0,73.0,,,,,,,,,,,,,,,,,,,,,,,,,,,,,,,,,,17.8,,72.0,,,,
B27,2024-06-20 12:12:22,,6.0,6.0,,,6.0,7.0,,,59.0,69.0,70.0,70.0,70.0,,,,,,,,,,,,,,,,,,,,,,,,,,,,,,,,,,17.7,,72.0,,,,
B27,2024-06-20 12:27:22,,6.0,6.0,,,6.0,6.0,,,57.0,67.0,67.0,67.0,67.0,,,,,,,,,,,,,,,,,,,,,,,,,,,,,,,,,,17.8,,72.0,,,,
B27,2024-06-20 12:42:22,,6.0,6.0,,,6.0,6.0,,,58.0,68.0,69.0,69.0,69.0,,,,,,,,,,,,,,,,,,,,,,,,,,,,,,,,,,17.8,,72.0,,,,
B27,2024-06-20 12:57:22,,6.0,6.0,,,6.0,7.0,,,58.0,68.0,69.0,69.0,69.0,,,,,,,,,,,,,,,,,,,,,,,,,,,,,,,,,,17.8,,73.0,,,,
B27,2024-06-20 13:12:22,,5.0,6.0,,,6.0,6.0,,,57.0,66.0,67.0,67.0,67.0,,,,,,,,,,,,,,,,,,,,,,,,,,,,,,,,,,18.0,,73.0,,,,
B27,2024-06-20 13:27:22,,6.0,7.0,,,7.0,7.0,,,61.0,71.0,72.0,72.0,72.0,,,,,,,,,,,,,,,,,,,,,,,,,,,,,,,,,,18.3,,73.0,,,,
B27,2024-06-20 13:42:22,,6.0,7.0,,,7.0,7.0,,,64.0,75.0,75.0,75.0,75.0,,,,,,,,,,,,,,,,,,,,,,,,,,,,,,,,,,18.8,,72.0,,,,
B27,2024-06-20 13:57:22,,7.0,7.0,,,7.0,8.0,,,68.0,79.0,80.0,80.0,80.0,,,,,,,,,,,,,,,,,,,,,,,,,,,,,,,,,,19.4,,71.0,,,,
B27,2024-06-20 14:12:22,,7.0,7.0,,,8.0,8.0,,,66.0,78.0,79.0,79.0,79.0,,,,,,,,,,,,,,,,,,,,,,,,,,,,,,,,,,20.2,,69.0,,,,
B27,2024-06-20 14:27:22,,7.0,8.0,,,8.0,8.0,,,70.0,81.0,82.0,82.0,82.0,,,,,,,,,,,,,,,,,,,,,,,,,,,,,,,,,,21.1,,67.0,,,,
B27,2024-06-20 14:42:22,,7.0,8.0,,,8.0,8.0,,,72.0,84.0,85.0,85.0,85.0,,,,,,,,,,,,,,,,,,,,,,,,,,,,,,,,,,22.4,,63.0,,,,
B27,2024-06-20 14:57:22,,8.0,9.0,,,9.0,9.0,,,75.0,88.0,88.0,89.0,89.0,,,,,,,,,,,,,,,,,,,,,,,,,,,,,,,,,,26.1,,55.0,,,,
B27,2024-06-20 15:12:22,,7.0,8.0,,,8.0,8.0,,,70.0,82.0,82.0,82.0,82.0,,,,,,,,,,,,,,,,,,,,,,,,,,,,,,,,,,30.1,,46.0,,,,
B27,2024-06-20 15:27:22,,8.0,8.0,,,9.0,9.0,,,70.0,81.0,82.0,82.0,82.0,,,,,,,,,,,,,,,,,,,,,,,,,,,,,,,,,,32.7,,40.0,,,,
B27,2024-06-20 15:42:22,,7.0,8.0,,,8.0,8.0,,,66.0,77.0,78.0,78.0,78.0,,,,,,,,,,,,,,,,,,,,,,,,,,,,,,,,,,34.6,,37.0,,,,
B27,2024-06-20 15:57:22,,7.0,8.0,,,8.0,8.0,,,64.0,75.0,75.0,75.0,75.0,,,,,,,,,,,,,,,,,,,,,,,,,,,,,,,,,,35.9,,35.0,,,,
B27,2024-06-20 16:12:22,,7.0,8.0,,,8.0,8.0,,,63.0,74.0,74.0,74.0,74.0,,,,,,,,,,,,,,,,,,,,,,,,,,,,,,,,,,37.4,,33.0,,,,
B27,2024-06-20 16:27:22,,7.0,8.0,,,8.0,8.0,,,66.0,76.0,77.0,77.0,77.0,,,,,,,,,,,,,,,,,,,,,,,,,,,,,,,,,,38.6,,31.0,,,,
B27,2024-06-20 16:42:22,,7.0,8.0,,,8.0,8.0,,,65.0,75.0,76.0,76.0,76.0,,,,,,,,,,,,,,,,,,,,,,,,,,,,,,,,,,39.2,,31.0,,,,
B27,2024-06-20 16:57:22,,8.0,8.0,,,8.0,8.0,,,65.0,76.0,76.0,77.0,77.0,,,,,,,,,,,,,,,,,,,,,,,,,,,,,,,,,,40.3,,29.0,,,,
B27,2024-06-20 17:12:22,,8.0,9.0,,,9.0,9.0,,,71.0,83.0,83.0,83.0,83.0,,,,,,,,,,,,,,,,,,,,,,,,,,,,,,,,,,41.0,,29.0,,,,
B27,2024-06-20 17:27:22,,9.0,9.0,,,9.0,9.0,,,76.0,88.0,88.0,88.0,88.0,,,,,,,,,,,,,,,,,,,,,,,,,,,,,,,,,,41.5,,28.0,,,,
B27,2024-06-20 17:42:22,,10.0,12.0,,,13.0,14.0,,,84.0,101.0,103.0,103.0,103.0,,,,,,,,,,,,,,,,,,,,,,,,,,,,,,,,,,42.1,,27.0,,,,
B27,2024-06-20 17:57:22,,9.0,10.0,,,10.0,10.0,,,80.0,93.0,93.0,94.0,94.0,,,,,,,,,,,,,,,,,,,,,,,,,,,,,,,,,,41.4,,28.0,,,,
B27,2024-06-20 18:12:22,,9.0,10.0,,,10.0,10.0,,,80.0,92.0,93.0,93.0,93.0,,,,,,,,,,,,,,,,,,,,,,,,,,,,,,,,,,41.4,,28.0,,,,
B27,2024-06-20 18:27:22,,9.0,10.0,,,10.0,10.0,,,78.0,91.0,91.0,91.0,91.0,,,,,,,,,,,,,,,,,,,,,,,,,,,,,,,,,,42.0,,27.0,,,,
B27,2024-06-20 18:42:22,,9.0,9.0,,,9.0,9.0,,,77.0,90.0,90.0,90.0,90.0,,,,,,,,,,,,,,,,,,,,,,,,,,,,,,,,,,41.8,,27.0,,,,
B27,2024-06-20 18:57:22,,9.0,9.0,,,9.0,9.0,,,78.0,91.0,91.0,91.0,91.0,,,,,,,,,,,,,,,,,,,,,,,,,,,,,,,,,,39.9,,29.0,,,,
B27,2024-06-20 19:12:22,,10.0,10.0,,,10.0,10.0,,,86.0,99.0,100.0,100.0,100.0,,,,,,,,,,,,,,,,,,,,,,,,,,,,,,,,,,36.8,,32.0,,,,
B27,2024-06-20 19:27:22,,10.0,11.0,,,11.0,11.0,,,92.0,106.0,107.0,107.0,107.0,,,,,,,,,,,,,,,,,,,,,,,,,,,,,,,,,,34.5,,35.0,,,,
B27,2024-06-20 19:42:22,,10.0,11.0,,,11.0,11.0,,,96.0,111.0,112.0,112.0,112.0,,,,,,,,,,,,,,,,,,,,,,,,,,,,,,,,,,33.6,,37.0,,,,
B27,2024-06-20 19:57:22,,11.0,12.0,,,12.0,12.0,,,100.0,116.0,116.0,116.0,116.0,,,,,,,,,,,,,,,,,,,,,,,,,,,,,,,,,,33.5,,38.0,,,,
B27,2024-06-20 20:12:22,,12.0,13.0,,,13.0,13.0,,,108.0,126.0,126.0,126.0,126.0,,,,,,,,,,,,,,,,,,,,,,,,,,,,,,,,,,33.5,,39.0,,,,
B27,2024-06-20 20:27:22,,12.0,13.0,,,13.0,13.0,,,112.0,130.0,130.0,130.0,130.0,,,,,,,,,,,,,,,,,,,,,,,,,,,,,,,,,,33.4,,39.0,,,,
B27,2024-06-20 20:42:22,,12.0,13.0,,,13.0,13.0,,,113.0,131.0,131.0,131.0,131.0,,,,,,,,,,,,,,,,,,,,,,,,,,,,,,,,,,33.4,,39.0,,,,
B27,2024-06-20 20:57:22,,12.0,13.0,,,13.0,13.0,,,114.0,132.0,132.0,132.0,132.0,,,,,,,,,,,,,,,,,,,,,,,,,,,,,,,,,,33.2,,39.0,,,,
B27,2024-06-20 21:12:22,,12.0,12.0,,,12.0,12.0,,,109.0,126.0,126.0,126.0,126.0,,,,,,,,,,,,,,,,,,,,,,,,,,,,,,,,,,32.7,,40.0,,,,
B27,2024-06-20 21:27:22,,11.0,11.0,,,11.0,11.0,,,100.0,116.0,116.0,116.0,116.0,,,,,,,,,,,,,,,,,,,,,,,,,,,,,,,,,,32.3,,40.0,,,,
B27,2024-06-20 21:42:22,,9.0,10.0,,,10.0,10.0,,,88.0,101.0,102.0,102.0,102.0,,,,,,,,,,,,,,,,,,,,,,,,,,,,,,,,,,32.2,,40.0,,,,
B27,2024-06-20 21:57:22,,9.0,9.0,,,9.0,9.0,,,80.0,92.0,93.0,93.0,93.0,,,,,,,,,,,,,,,,,,,,,,,,,,,,,,,,,,31.9,,40.0,,,,
B27,2024-06-20 22:12:22,,7.0,8.0,,,8.0,8.0,,,70.0,81.0,81.0,81.0,81.0,,,,,,,,,,,,,,,,,,,,,,,,,,,,,,,,,,31.6,,41.0,,,,
B27,2024-06-20 22:27:22,,7.0,7.0,,,7.0,7.0,,,63.0,73.0,73.0,73.0,73.0,,,,,,,,,,,,,,,,,,,,,,,,,,,,,,,,,,31.5,,41.0,,,,
B27,2024-06-20 22:42:22,,6.0,6.0,,,6.0,6.0,,,51.0,60.0,60.0,60.0,60.0,,,,,,,,,,,,,,,,,,,,,,,,,,,,,,,,,,31.4,,41.0,,,,
B27,2024-06-20 22:57:22,,4.0,5.0,,,5.0,5.0,,,41.0,48.0,48.0,48.0,48.0,,,,,,,,,,,,,,,,,,,,,,,,,,,,,,,,,,31.2,,41.0,,,,
B27,2024-06-20 23:12:22,,4.0,5.0,,,5.0,6.0,,,40.0,47.0,48.0,48.0,48.0,,,,,,,,,,,,,,,,,,,,,,,,,,,,,,,,,,30.8,,42.0,,,,
B27,2024-06-20 23:27:22,,4.0,5.0,,,5.0,5.0,,,39.0,46.0,47.0,47.0,47.0,,,,,,,,,,,,,,,,,,,,,,,,,,,,,,,,,,30.2,,43.0,,,,
B27,2024-06-20 23:42:22,,4.0,5.0,,,5.0,5.0,,,35.0,42.0,42.0,43.0,43.0,,,,,,,,,,,,,,,,,,,,,,,,,,,,,,,,,,29.8,,43.0,,,,
B27,2024-06-20 23:57:22,,4.0,4.0,,,4.0,5.0,,,33.0,39.0,40.0,40.0,40.0,,,,,,,,,,,,,,,,,,,,,,,,,,,,,,,,,,29.6,,43.0,,,,
B27,2024-06-21 00:12:22,,4.0,4.0,,,5.0,5.0,,,35.0,42.0,42.0,42.0,43.0,,,,,,,,,,,,,,,,,,,,,,,,,,,,,,,,,,29.5,,44.0,,,,
B27,2024-06-21 00:27:22,,4.0,5.0,,,5.0,5.0,,,37.0,43.0,44.0,44.0,44.0,,,,,,,,,,,,,,,,,,,,,,,,,,,,,,,,,,29.1,,44.0,,,,
B27,2024-06-21 00:42:22,,4.0,5.0,,,5.0,5.0,,,37.0,44.0,44.0,44.0,45.0,,,,,,,,,,,,,,,,,,,,,,,,,,,,,,,,,,28.7,,45.0,,,,
B27,2024-06-21 00:57:22,,4.0,5.0,,,5.0,5.0,,,35.0,42.0,43.0,43.0,43.0,,,,,,,,,,,,,,,,,,,,,,,,,,,,,,,,,,28.3,,45.0,,,,
B27,2024-06-21 01:12:22,,4.0,5.0,,,5.0,5.0,,,36.0,42.0,43.0,43.0,43.0,,,,,,,,,,,,,,,,,,,,,,,,,,,,,,,,,,27.8,,46.0,,,,
B27,2024-06-21 01:27:22,,4.0,5.0,,,5.0,5.0,,,37.0,44.0,45.0,45.0,45.0,,,,,,,,,,,,,,,,,,,,,,,,,,,,,,,,,,27.3,,47.0,,,,
B27,2024-06-21 01:42:22,,4.0,5.0,,,5.0,5.0,,,40.0,47.0,48.0,48.0,48.0,,,,,,,,,,,,,,,,,,,,,,,,,,,,,,,,,,26.8,,48.0,,,,
B27,2024-06-21 01:57:22,,4.0,5.0,,,5.0,5.0,,,41.0,49.0,49.0,49.0,49.0,,,,,,,,,,,,,,,,,,,,,,,,,,,,,,,,,,26.3,,49.0,,,,
B27,2024-06-21 02:12:22,,4.0,5.0,,,5.0,5.0,,,42.0,50.0,50.0,50.0,50.0,,,,,,,,,,,,,,,,,,,,,,,,,,,,,,,,,,25.7,,50.0,,,,
B27,2024-06-21 02:27:22,,4.0,5.0,,,5.0,5.0,,,40.0,47.0,48.0,48.0,48.0,,,,,,,,,,,,,,,,,,,,,,,,,,,,,,,,,,25.1,,51.0,,,,
B27,2024-06-21 02:42:22,,4.0,5.0,,,5.0,5.0,,,42.0,50.0,50.0,50.0,50.0,,,,,,,,,,,,,,,,,,,,,,,,,,,,,,,,,,24.6,,52.0,,,,
B27,2024-06-21 02:57:22,,5.0,5.0,,,5.0,5.0,,,44.0,51.0,52.0,52.0,52.0,,,,,,,,,,,,,,,,,,,,,,,,,,,,,,,,,,24.0,,52.0,,,,
B27,2024-06-21 03:12:22,,4.0,5.0,,,5.0,5.0,,,39.0,46.0,47.0,47.0,47.0,,,,,,,,,,,,,,,,,,,,,,,,,,,,,,,,,,23.6,,53.0,,,,
B27,2024-06-21 03:27:22,,4.0,5.0,,,5.0,5.0,,,40.0,48.0,48.0,48.0,48.0,,,,,,,,,,,,,,,,,,,,,,,,,,,,,,,,,,23.2,,54.0,,,,
B27,2024-06-21 03:42:22,,4.0,5.0,,,5.0,5.0,,,38.0,45.0,46.0,46.0,46.0,,,,,,,,,,,,,,,,,,,,,,,,,,,,,,,,,,22.8,,55.0,,,,
B27,2024-06-21 03:57:22,,4.0,5.0,,,5.0,5.0,,,39.0,46.0,47.0,47.0,47.0,,,,,,,,,,,,,,,,,,,,,,,,,,,,,,,,,,22.4,,55.0,,,,
B27,2024-06-21 04:12:22,,4.0,4.0,,,5.0,5.0,,,35.0,42.0,43.0,43.0,43.0,,,,,,,,,,,,,,,,,,,,,,,,,,,,,,,,,,22.1,,55.0,,,,
B27,2024-06-21 04:27:22,,4.0,4.0,,,5.0,5.0,,,35.0,42.0,43.0,43.0,43.0,,,,,,,,,,,,,,,,,,,,,,,,,,,,,,,,,,21.8,,56.0,,,,
B27,2024-06-21 04:42:22,,4.0,4.0,,,4.0,5.0,,,35.0,42.0,42.0,42.0,42.0,,,,,,,,,,,,,,,,,,,,,,,,,,,,,,,,,,21.6,,57.0,,,,
B27,2024-06-21 04:57:22,,4.0,4.0,,,4.0,5.0,,,36.0,43.0,43.0,44.0,44.0,,,,,,,,,,,,,,,,,,,,,,,,,,,,,,,,,,21.4,,57.0,,,,
B27,2024-06-21 05:12:22,,4.0,5.0,,,5.0,5.0,,,40.0,47.0,47.0,48.0,48.0,,,,,,,,,,,,,,,,,,,,,,,,,,,,,,,,,,21.2,,58.0,,,,
B27,2024-06-21 05:27:22,,4.0,4.0,,,5.0,5.0,,,39.0,46.0,47.0,47.0,47.0,,,,,,,,,,,,,,,,,,,,,,,,,,,,,,,,,,21.0,,58.0,,,,
B27,2024-06-21 05:42:22,,4.0,4.0,,,5.0,5.0,,,38.0,45.0,46.0,46.0,46.0,,,,,,,,,,,,,,,,,,,,,,,,,,,,,,,,,,20.8,,59.0,,,,
B27,2024-06-21 05:57:22,,4.0,5.0,,,5.0,5.0,,,38.0,46.0,47.0,47.0,47.0,,,,,,,,,,,,,,,,,,,,,,,,,,,,,,,,,,20.7,,59.0,,,,
